account_id,account_name,segment,region,signup_date,account_status,stage_signup,stage_campaign_created,stage_had_impressions,stage_had_clicks,stage_had_conversions,total_impressions,total_clicks,total_conversions,total_spend,ctr_percent,cvr_percent
ACC000166,Advertiser_166,SMB,North America,2025-06-03,Active,1,0,0,0,0,0,0,0,0.0,0.0,0.0
ACC000205,Advertiser_205,SMB,EMEA,2025-04-27,Active,1,0,0,0,0,0,0,0,0.0,0.0,0.0
ACC000180,Advertiser_180,SMB,APAC,2025-11-16,Active,1,0,0,0,0,0,0,0,0.0,0.0,0.0
ACC000406,Advertiser_406,SMB,North America,2025-04-15,Active,1,0,0,0,0,0,0,0,0.0,0.0,0.0
ACC000801,Advertiser_801,Mid-Market,EMEA,2025-12-08,Active,1,0,0,0,0,0,0,0,0.0,0.0,0.0
ACC000917,Advertiser_917,SMB,North America,2026-01-16,Active,1,0,0,0,0,0,0,0,0.0,0.0,0.0
ACC000392,Advertiser_392,SMB,North America,2025-06-06,Active,1,0,0,0,0,0,0,0,0.0,0.0,0.0
ACC000823,Advertiser_823,SMB,North America,2026-01-11,Active,1,1,1,1,1,41611,1953,120,5679.16,4.69,6.14
ACC000422,Advertiser_422,SMB,North America,2025-07-09,Active,1,0,0,0,0,0,0,0,0.0,0.0,0.0
ACC000804,Advertiser_804,SMB,LATAM,2025-12-16,Active,1,0,0,0,0,0,0,0,0.0,0.0,0.0
ACC000831,Advertiser_831,SMB,APAC,2025-07-11,Active,1,1,1,1,1,136214,3313,187,4069.5,2.43,5.64
ACC000086,Advertiser_86,SMB,APAC,2025-04-28,Active,1,1,1,1,1,60243,792,34,819.08,1.31,4.29
ACC000092,Advertiser_92,SMB,APAC,2025-07-19,Active,1,1,1,1,1,117485,5082,277,13980.02,4.33,5.45
ACC000344,Advertiser_344,SMB,EMEA,2025-09-21,Active,1,1,1,1,1,91735,4956,295,13511.4,5.4,5.95
ACC000624,Advertiser_624,SMB,APAC,2025-06-10,Active,1,0,0,0,0,0,0,0,0.0,0.0,0.0
ACC000867,Advertiser_867,Enterprise,EMEA,2025-05-08,Active,1,0,0,0,0,0,0,0,0.0,0.0,0.0
ACC000226,Advertiser_226,Enterprise,North America,2025-10-27,Active,1,1,1,1,1,8768834,245788,15030,416130.21,2.8,6.12
ACC000167,Advertiser_167,Mid-Market,North America,2025-11-03,Active,1,0,0,0,0,0,0,0,0.0,0.0,0.0
ACC000628,Advertiser_628,SMB,North America,2025-10-30,Active,1,0,0,0,0,0,0,0,0.0,0.0,0.0
ACC000996,Advertiser_996,Enterprise,North America,2025-09-27,Active,1,1,1,1,1,9706158,451197,25608,1161151.01,4.65,5.68
ACC000147,Advertiser_147,SMB,EMEA,2025-08-31,Active,1,0,0,0,0,0,0,0,0.0,0.0,0.0
ACC000855,Advertiser_855,SMB,North America,2025-06-25,Active,1,0,0,0,0,0,0,0,0.0,0.0,0.0
ACC000704,Advertiser_704,SMB,APAC,2025-03-23,Active,1,1,1,1,1,147467,2908,148,3655.97,1.97,5.09
ACC000018,Advertiser_18,SMB,North America,2026-02-11,Active,1,0,0,0,0,0,0,0,0.0,0.0,0.0
ACC000400,Advertiser_400,SMB,North America,2025-07-26,Active,1,1,1,1,1,150654,4819,252,11814.47,3.2,5.23
ACC000631,Advertiser_631,SMB,North America,2026-02-27,Active,1,0,0,0,0,0,0,0,0.0,0.0,0.0
ACC000668,Advertiser_668,SMB,EMEA,2025-11-26,Active,1,1,1,1,1,68276,1440,64,1913.65,2.11,4.44
ACC000127,Advertiser_127,SMB,North America,2025-06-07,Active,1,1,1,1,1,77314,3355,157,9927.82,4.34,4.68
ACC000233,Advertiser_233,Enterprise,North America,2026-02-11,Active,1,1,1,1,1,889662,12583,800,14278.32,1.41,6.36
ACC000853,Advertiser_853,SMB,North America,2025-08-15,Active,1,0,0,0,0,0,0,0,0.0,0.0,0.0
ACC000973,Advertiser_973,Mid-Market,LATAM,2025-04-22,Active,1,0,0,0,0,0,0,0,0.0,0.0,0.0
ACC000677,Advertiser_677,SMB,APAC,2026-01-23,Active,1,0,0,0,0,0,0,0,0.0,0.0,0.0
ACC000278,Advertiser_278,SMB,North America,2025-11-10,Active,1,1,1,1,1,84472,4798,272,11888.36,5.68,5.67
ACC000249,Advertiser_249,SMB,North America,2025-05-19,Active,1,1,1,1,1,98191,3246,168,6688.04,3.31,5.18
ACC000577,Advertiser_577,SMB,EMEA,2026-01-29,Active,1,0,0,0,0,0,0,0,0.0,0.0,0.0
ACC000741,Advertiser_741,SMB,APAC,2025-12-01,Active,1,0,0,0,0,0,0,0,0.0,0.0,0.0
ACC000508,Advertiser_508,SMB,EMEA,2025-10-11,Active,1,0,0,0,0,0,0,0,0.0,0.0,0.0
ACC000766,Advertiser_766,SMB,EMEA,2026-02-01,Active,1,1,1,1,1,33308,837,40,1160.94,2.51,4.78
ACC000438,Advertiser_438,SMB,APAC,2025-03-26,Active,1,0,0,0,0,0,0,0,0.0,0.0,0.0
ACC000594,Advertiser_594,SMB,North America,2025-12-06,Active,1,0,0,0,0,0,0,0,0.0,0.0,0.0
ACC000307,Advertiser_307,SMB,North America,2025-09-03,Active,1,1,1,1,1,142529,6484,357,18194.39,4.55,5.51
ACC000755,Advertiser_755,SMB,North America,2025-10-02,Active,1,0,0,0,0,0,0,0,0.0,0.0,0.0
ACC000056,Advertiser_56,Enterprise,APAC,2025-12-16,Active,1,1,1,1,1,13152230,376349,23459,625446.77,2.86,6.23
ACC000054,Advertiser_54,SMB,APAC,2025-06-03,Active,1,1,1,1,1,34314,1608,79,4487.36,4.69,4.91
ACC000497,Advertiser_497,SMB,LATAM,2025-06-26,Active,1,1,1,1,1,213318,7961,452,16073.65,3.73,5.68
ACC000792,Advertiser_792,SMB,EMEA,2025-12-29,Active,1,1,1,1,1,33816,954,51,1382.12,2.82,5.35
ACC000038,Advertiser_38,SMB,North America,2025-06-12,Active,1,0,0,0,0,0,0,0,0.0,0.0,0.0
ACC000691,Advertiser_691,SMB,North America,2026-01-22,Active,1,0,0,0,0,0,0,0,0.0,0.0,0.0
ACC000138,Advertiser_138,SMB,APAC,2025-08-29,Active,1,0,0,0,0,0,0,0,0.0,0.0,0.0
ACC000017,Advertiser_17,SMB,LATAM,2025-04-18,Active,1,0,0,0,0,0,0,0,0.0,0.0,0.0
ACC000464,Advertiser_464,SMB,LATAM,2025-05-17,Active,1,1,1,1,1,150521,3376,188,4889.5,2.24,5.57
ACC000798,Advertiser_798,SMB,EMEA,2025-12-12,Active,1,0,0,0,0,0,0,0,0.0,0.0,0.0
ACC000924,Advertiser_924,SMB,LATAM,2025-10-27,Active,1,1,1,1,1,43109,562,14,522.75,1.3,2.49
ACC000591,Advertiser_591,SMB,North America,2025-05-06,Active,1,0,0,0,0,0,0,0,0.0,0.0,0.0
ACC000114,Advertiser_114,Mid-Market,EMEA,2025-03-20,Active,1,1,1,1,1,1006550,49632,2644,144015.92,4.93,5.33
ACC000182,Advertiser_182,Enterprise,North America,2025-04-28,Active,1,0,0,0,0,0,0,0,0.0,0.0,0.0
ACC000644,Advertiser_644,Mid-Market,EMEA,2025-09-05,Active,1,1,1,1,1,353084,4050,206,4034.89,1.15,5.09
ACC000456,Advertiser_456,SMB,North America,2025-09-01,Active,1,0,0,0,0,0,0,0,0.0,0.0,0.0
ACC000862,Advertiser_862,SMB,North America,2025-10-30,Active,1,1,1,1,1,140006,2239,101,2387.84,1.6,4.51
ACC000022,Advertiser_22,SMB,North America,2025-05-28,Active,1,0,0,0,0,0,0,0,0.0,0.0,0.0
ACC000366,Advertiser_366,SMB,North America,2025-09-02,Active,1,0,0,0,0,0,0,0,0.0,0.0,0.0
ACC000213,Advertiser_213,SMB,North America,2025-05-09,Active,1,0,0,0,0,0,0,0,0.0,0.0,0.0
ACC000658,Advertiser_658,SMB,North America,2026-02-24,Active,1,0,0,0,0,0,0,0,0.0,0.0,0.0
ACC000625,Advertiser_625,Enterprise,North America,2025-11-04,Active,1,1,1,1,1,24068208,618329,36443,1135363.83,2.57,5.89
ACC000815,Advertiser_815,Enterprise,APAC,2025-03-16,Active,1,1,1,1,1,11023474,269925,16030,379623.44,2.45,5.94
ACC000284,Advertiser_284,Mid-Market,North America,2026-01-15,Active,1,1,1,1,1,31815,454,22,457.4,1.43,4.85
ACC000248,Advertiser_248,SMB,North America,2025-04-24,Active,1,1,1,1,1,103909,1865,92,2292.81,1.79,4.93
ACC000376,Advertiser_376,Mid-Market,EMEA,2025-05-04,Active,1,1,1,1,1,653945,8626,567,8324.12,1.32,6.57
ACC000380,Advertiser_380,SMB,EMEA,2025-12-28,Active,1,0,0,0,0,0,0,0,0.0,0.0,0.0
ACC000568,Advertiser_568,SMB,North America,2025-12-24,Active,1,0,0,0,0,0,0,0,0.0,0.0,0.0
ACC000770,Advertiser_770,Mid-Market,North America,2025-08-28,Active,1,1,1,1,1,443549,5347,239,5324.11,1.21,4.47
ACC000952,Advertiser_952,SMB,APAC,2025-05-28,Active,1,0,0,0,0,0,0,0,0.0,0.0,0.0
ACC000449,Advertiser_449,Enterprise,North America,2025-09-12,Active,1,1,1,1,1,10466287,427158,24342,1090718.3,4.08,5.7
ACC000561,Advertiser_561,SMB,North America,2025-05-24,Active,1,1,1,1,1,33232,718,29,1020.82,2.16,4.04
ACC000420,Advertiser_420,SMB,North America,2025-05-22,Active,1,1,1,1,1,103699,2422,128,3281.29,2.34,5.28
ACC000764,Advertiser_764,SMB,APAC,2025-11-18,Active,1,0,0,0,0,0,0,0,0.0,0.0,0.0
ACC000020,Advertiser_20,Enterprise,EMEA,2025-10-01,Active,1,1,1,1,1,4429042,209197,12460,552963.16,4.72,5.96
ACC000135,Advertiser_135,SMB,LATAM,2025-05-12,Active,1,1,1,1,1,108993,1447,65,1391.37,1.33,4.49
ACC000955,Advertiser_955,SMB,North America,2025-04-09,Active,1,1,1,1,1,223171,7199,380,16632.45,3.23,5.28
ACC000569,Advertiser_569,SMB,North America,2025-04-29,Active,1,0,0,0,0,0,0,0,0.0,0.0,0.0
ACC000028,Advertiser_28,Mid-Market,North America,2026-01-12,Active,1,0,0,0,0,0,0,0,0.0,0.0,0.0
ACC000818,Advertiser_818,SMB,LATAM,2025-06-08,Active,1,0,0,0,0,0,0,0,0.0,0.0,0.0
ACC000601,Advertiser_601,SMB,EMEA,2025-05-10,Active,1,0,0,0,0,0,0,0,0.0,0.0,0.0
ACC000967,Advertiser_967,SMB,APAC,2026-01-17,Active,1,0,0,0,0,0,0,0,0.0,0.0,0.0
ACC000356,Advertiser_356,Mid-Market,APAC,2026-02-20,Active,1,0,0,0,0,0,0,0,0.0,0.0,0.0
ACC000002,Advertiser_2,SMB,North America,2025-06-05,Active,1,0,0,0,0,0,0,0,0.0,0.0,0.0
ACC000129,Advertiser_129,SMB,EMEA,2025-05-21,Active,1,1,1,1,1,105981,2631,152,3508.2,2.48,5.78
ACC000298,Advertiser_298,SMB,EMEA,2025-12-22,Active,1,0,0,0,0,0,0,0,0.0,0.0,0.0
ACC000913,Advertiser_913,SMB,North America,2025-03-17,Active,1,1,1,1,1,86661,4433,237,10566.14,5.12,5.35
ACC000573,Advertiser_573,Mid-Market,EMEA,2025-12-10,Active,1,1,1,1,1,119519,1551,67,1602.48,1.3,4.32
ACC000132,Advertiser_132,Mid-Market,North America,2025-10-23,Active,1,1,1,1,1,408546,10748,646,15555.32,2.63,6.01
ACC000171,Advertiser_171,SMB,North America,2025-11-15,Active,1,1,1,1,1,177772,7251,367,17679.16,4.08,5.06
ACC000778,Advertiser_778,SMB,EMEA,2025-09-28,Active,1,0,0,0,0,0,0,0,0.0,0.0,0.0
ACC000111,Advertiser_111,Mid-Market,APAC,2025-04-01,Active,1,0,0,0,0,0,0,0,0.0,0.0,0.0
ACC000302,Advertiser_302,SMB,EMEA,2025-04-09,Active,1,1,1,1,1,74178,829,44,817.79,1.12,5.31
ACC000500,Advertiser_500,Mid-Market,EMEA,2025-12-03,Active,1,0,0,0,0,0,0,0,0.0,0.0,0.0
ACC000803,Advertiser_803,SMB,North America,2025-09-23,Active,1,1,1,1,1,109436,2446,107,3227.24,2.24,4.37
ACC000626,Advertiser_626,SMB,EMEA,2026-02-17,Active,1,1,1,1,1,1474,31,1,61.64,2.1,3.23
ACC000234,Advertiser_234,SMB,North America,2025-06-13,Active,1,0,0,0,0,0,0,0,0.0,0.0,0.0
ACC000143,Advertiser_143,SMB,North America,2026-01-12,Active,1,0,0,0,0,0,0,0,0.0,0.0,0.0
ACC000988,Advertiser_988,Mid-Market,EMEA,2025-06-02,Active,1,1,1,1,1,494040,13803,753,19872.79,2.79,5.46
ACC000501,Advertiser_501,Mid-Market,APAC,2025-08-05,Active,1,1,1,1,1,686645,17295,952,23953.0,2.52,5.5
ACC000124,Advertiser_124,SMB,North America,2025-03-11,Active,1,0,0,0,0,0,0,0,0.0,0.0,0.0
ACC000204,Advertiser_204,Mid-Market,North America,2025-06-07,Active,1,1,1,1,1,254548,11466,692,32024.19,4.5,6.04
ACC000345,Advertiser_345,SMB,EMEA,2025-10-17,Active,1,0,0,0,0,0,0,0,0.0,0.0,0.0
ACC000386,Advertiser_386,SMB,EMEA,2025-04-24,Active,1,0,0,0,0,0,0,0,0.0,0.0,0.0
ACC000985,Advertiser_985,Mid-Market,EMEA,2025-05-28,Active,1,0,0,0,0,0,0,0,0.0,0.0,0.0
ACC000752,Advertiser_752,SMB,North America,2025-08-22,Active,1,1,1,1,1,110316,2770,173,3646.52,2.51,6.25
ACC000767,Advertiser_767,SMB,LATAM,2025-07-27,Active,1,0,0,0,0,0,0,0,0.0,0.0,0.0
ACC000385,Advertiser_385,SMB,EMEA,2025-09-10,Active,1,0,0,0,0,0,0,0,0.0,0.0,0.0
ACC000692,Advertiser_692,SMB,North America,2025-11-16,Active,1,0,0,0,0,0,0,0,0.0,0.0,0.0
ACC000890,Advertiser_890,Mid-Market,EMEA,2025-03-28,Active,1,1,1,1,1,658504,12992,730,24485.54,1.97,5.62
ACC000950,Advertiser_950,SMB,North America,2026-02-21,Active,1,0,0,0,0,0,0,0,0.0,0.0,0.0
ACC000720,Advertiser_720,SMB,North America,2025-07-22,Active,1,0,0,0,0,0,0,0,0.0,0.0,0.0
ACC000082,Advertiser_82,Enterprise,EMEA,2025-12-25,Active,1,1,1,1,1,1666183,41911,2505,60605.62,2.52,5.98
ACC000638,Advertiser_638,Mid-Market,EMEA,2025-06-02,Active,1,0,0,0,0,0,0,0,0.0,0.0,0.0
ACC000515,Advertiser_515,SMB,EMEA,2025-12-17,Active,1,1,1,1,1,139927,5052,277,11908.63,3.61,5.48
ACC000608,Advertiser_608,SMB,EMEA,2025-07-20,Active,1,1,1,1,1,232736,9659,581,25088.43,4.15,6.02
ACC000920,Advertiser_920,SMB,North America,2025-07-08,Active,1,1,1,1,1,102381,2702,154,3632.69,2.64,5.7
ACC000118,Advertiser_118,SMB,North America,2026-01-08,Active,1,0,0,0,0,0,0,0,0.0,0.0,0.0
ACC000137,Advertiser_137,SMB,North America,2025-09-25,Active,1,1,1,1,1,55647,1408,60,2004.16,2.53,4.26
ACC000749,Advertiser_749,Mid-Market,North America,2026-01-27,Active,1,1,1,1,1,701948,13397,788,15865.81,1.91,5.88
ACC000871,Advertiser_871,Mid-Market,North America,2026-01-18,Active,1,1,1,1,1,123220,1577,80,1395.43,1.28,5.07
ACC000176,Advertiser_176,Enterprise,North America,2025-07-10,Active,1,1,1,1,1,13304488,330373,20215,686028.71,2.48,6.12
ACC000915,Advertiser_915,SMB,EMEA,2025-04-27,Active,1,0,0,0,0,0,0,0,0.0,0.0,0.0
ACC000615,Advertiser_615,SMB,North America,2025-08-22,Active,1,1,1,1,1,73299,1018,42,1076.5,1.39,4.13
ACC000875,Advertiser_875,SMB,EMEA,2025-04-12,Active,1,1,1,1,1,91533,1362,52,1465.65,1.49,3.82
ACC000279,Advertiser_279,SMB,North America,2026-01-06,Active,1,1,1,1,1,30141,455,17,506.96,1.51,3.74
ACC000819,Advertiser_819,SMB,North America,2026-02-14,Active,1,1,0,0,0,0,0,0,0.0,0.0,0.0
ACC000303,Advertiser_303,SMB,North America,2025-03-17,Active,1,1,1,1,1,88035,1167,58,1215.8,1.33,4.97
ACC000983,Advertiser_983,SMB,APAC,2026-02-23,Active,1,1,1,1,1,11902,112,6,141.84,0.94,5.36
ACC000349,Advertiser_349,SMB,LATAM,2025-10-04,Active,1,1,1,1,1,86358,1455,55,1887.39,1.68,3.78
ACC000301,Advertiser_301,Enterprise,APAC,2025-05-01,Active,1,1,1,1,1,18767310,286311,17426,339851.25,1.53,6.09
ACC000751,Advertiser_751,SMB,North America,2026-01-04,Active,1,1,1,1,1,28696,1468,63,4000.38,5.12,4.29
ACC000857,Advertiser_857,SMB,APAC,2026-02-10,Active,1,0,0,0,0,0,0,0,0.0,0.0,0.0
ACC000216,Advertiser_216,SMB,EMEA,2025-05-15,Active,1,0,0,0,0,0,0,0,0.0,0.0,0.0
ACC000374,Advertiser_374,SMB,APAC,2025-03-15,Active,1,1,1,1,1,34384,898,50,1337.87,2.61,5.57
ACC000726,Advertiser_726,SMB,APAC,2025-10-23,Active,1,0,0,0,0,0,0,0,0.0,0.0,0.0
ACC000492,Advertiser_492,Mid-Market,LATAM,2025-12-12,Active,1,0,0,0,0,0,0,0,0.0,0.0,0.0
ACC000911,Advertiser_911,SMB,North America,2026-01-15,Active,1,0,0,0,0,0,0,0,0.0,0.0,0.0
ACC000161,Advertiser_161,SMB,APAC,2025-05-31,Active,1,0,0,0,0,0,0,0,0.0,0.0,0.0
ACC000999,Advertiser_999,SMB,North America,2025-12-07,Active,1,0,0,0,0,0,0,0,0.0,0.0,0.0
ACC000465,Advertiser_465,Mid-Market,APAC,2025-04-23,Active,1,1,1,1,1,1375655,50803,2968,124023.84,3.69,5.84
ACC000579,Advertiser_579,SMB,North America,2025-04-19,Active,1,0,0,0,0,0,0,0,0.0,0.0,0.0
ACC000258,Advertiser_258,SMB,EMEA,2025-10-28,Active,1,1,1,1,1,63939,1530,64,1877.43,2.39,4.18
ACC000735,Advertiser_735,SMB,North America,2025-06-27,Active,1,1,1,1,1,166634,4216,272,5242.06,2.53,6.45
ACC000158,Advertiser_158,SMB,APAC,2025-05-24,Active,1,0,0,0,0,0,0,0,0.0,0.0,0.0
ACC000250,Advertiser_250,SMB,LATAM,2025-09-25,Active,1,1,1,1,1,60455,1533,74,2319.69,2.54,4.83
ACC000640,Advertiser_640,SMB,North America,2025-04-09,Active,1,1,1,1,1,73891,1925,73,2652.03,2.61,3.79
ACC000014,Advertiser_14,SMB,North America,2025-09-03,Active,1,1,1,1,1,193540,5935,324,12037.57,3.07,5.46
ACC000440,Advertiser_440,SMB,North America,2025-05-05,Active,1,0,0,0,0,0,0,0,0.0,0.0,0.0
ACC000315,Advertiser_315,Mid-Market,APAC,2025-10-14,Active,1,0,0,0,0,0,0,0,0.0,0.0,0.0
ACC000771,Advertiser_771,SMB,North America,2025-12-06,Active,1,1,1,1,1,159689,7159,417,16768.59,4.48,5.82
ACC000900,Advertiser_900,Mid-Market,EMEA,2026-03-02,Active,1,1,1,1,1,67578,3296,130,10109.71,4.88,3.94
ACC000215,Advertiser_215,Mid-Market,North America,2025-06-25,Active,1,1,1,1,1,741967,9356,512,9353.49,1.26,5.47
ACC000619,Advertiser_619,Mid-Market,APAC,2025-04-01,Active,1,0,0,0,0,0,0,0,0.0,0.0,0.0
ACC000428,Advertiser_428,SMB,North America,2025-03-13,Active,1,0,0,0,0,0,0,0,0.0,0.0,0.0
ACC000107,Advertiser_107,Mid-Market,North America,2025-11-24,Active,1,1,1,1,1,206552,5514,323,7447.73,2.67,5.86
ACC000235,Advertiser_235,SMB,North America,2025-12-12,Active,1,0,0,0,0,0,0,0,0.0,0.0,0.0
ACC000989,Advertiser_989,Mid-Market,North America,2025-07-28,Active,1,1,1,1,1,738330,39212,2340,109792.07,5.31,5.97
ACC000362,Advertiser_362,Enterprise,APAC,2025-12-02,Active,1,1,1,1,1,10711720,214656,12406,276884.69,2.0,5.78
ACC000598,Advertiser_598,SMB,North America,2025-10-05,Active,1,0,0,0,0,0,0,0,0.0,0.0,0.0
ACC000237,Advertiser_237,SMB,North America,2025-04-19,Active,1,1,1,1,1,178881,4735,235,6922.41,2.65,4.96
ACC000790,Advertiser_790,SMB,APAC,2025-09-18,Active,1,0,0,0,0,0,0,0,0.0,0.0,0.0
ACC000896,Advertiser_896,SMB,APAC,2025-07-04,Active,1,0,0,0,0,0,0,0,0.0,0.0,0.0
ACC000674,Advertiser_674,SMB,North America,2025-09-28,Active,1,0,0,0,0,0,0,0,0.0,0.0,0.0
ACC000097,Advertiser_97,Enterprise,North America,2025-10-27,Active,1,1,1,1,1,2416028,122569,7454,325548.8,5.07,6.08
ACC000331,Advertiser_331,Mid-Market,EMEA,2025-04-26,Active,1,1,1,1,1,894597,23179,1296,32481.43,2.59,5.59
ACC000914,Advertiser_914,SMB,EMEA,2025-10-08,Active,1,0,0,0,0,0,0,0,0.0,0.0,0.0
ACC000491,Advertiser_491,Mid-Market,EMEA,2025-11-13,Active,1,1,1,1,1,531092,13435,733,30836.36,2.53,5.46
ACC000584,Advertiser_584,SMB,EMEA,2025-04-09,Active,1,0,0,0,0,0,0,0,0.0,0.0,0.0
ACC000019,Advertiser_19,SMB,North America,2025-10-25,Active,1,0,0,0,0,0,0,0,0.0,0.0,0.0
ACC000264,Advertiser_264,SMB,EMEA,2025-08-25,Active,1,1,1,1,1,150941,4125,230,8734.26,2.73,5.58
ACC000859,Advertiser_859,SMB,North America,2025-08-20,Active,1,1,1,1,1,91160,3572,179,9085.45,3.92,5.01
ACC000064,Advertiser_64,SMB,APAC,2025-08-17,Active,1,0,0,0,0,0,0,0,0.0,0.0,0.0
ACC000610,Advertiser_610,SMB,APAC,2025-07-29,Active,1,0,0,0,0,0,0,0,0.0,0.0,0.0
ACC000010,Advertiser_10,Enterprise,North America,2025-10-12,Active,1,1,1,1,1,21080419,611501,38013,1231400.81,2.9,6.22
ACC000396,Advertiser_396,Mid-Market,North America,2025-12-06,Active,1,1,1,1,1,1176014,41714,2479,93436.14,3.55,5.94
ACC000470,Advertiser_470,SMB,North America,2025-12-24,Active,1,0,0,0,0,0,0,0,0.0,0.0,0.0
ACC000830,Advertiser_830,SMB,North America,2025-06-17,Active,1,1,1,1,1,130622,7282,413,20913.55,5.57,5.67
ACC000073,Advertiser_73,SMB,North America,2025-04-11,Active,1,0,0,0,0,0,0,0,0.0,0.0,0.0
ACC000827,Advertiser_827,SMB,APAC,2025-05-27,Active,1,1,1,1,1,111550,5517,321,14692.4,4.95,5.82
ACC000116,Advertiser_116,Mid-Market,APAC,2026-01-16,Active,1,1,1,1,1,770163,27241,1658,70265.15,3.54,6.09
ACC000976,Advertiser_976,SMB,EMEA,2025-04-19,Active,1,0,0,0,0,0,0,0,0.0,0.0,0.0
ACC000678,Advertiser_678,Mid-Market,EMEA,2025-09-04,Active,1,0,0,0,0,0,0,0,0.0,0.0,0.0
ACC000109,Advertiser_109,SMB,EMEA,2025-12-15,Active,1,1,1,1,1,146145,1688,78,1699.98,1.16,4.62
ACC000081,Advertiser_81,SMB,North America,2026-03-07,Active,1,0,0,0,0,0,0,0,0.0,0.0,0.0
ACC000963,Advertiser_963,Mid-Market,North America,2025-04-08,Active,1,0,0,0,0,0,0,0,0.0,0.0,0.0
ACC000313,Advertiser_313,SMB,North America,2025-11-19,Active,1,0,0,0,0,0,0,0,0.0,0.0,0.0
ACC000533,Advertiser_533,SMB,EMEA,2025-07-26,Active,1,1,1,1,1,95739,1202,61,1240.8,1.26,5.07
ACC000323,Advertiser_323,Mid-Market,North America,2025-05-14,Active,1,1,1,1,1,489387,12133,802,16108.7,2.48,6.61
ACC000257,Advertiser_257,Mid-Market,North America,2025-06-10,Active,1,0,0,0,0,0,0,0,0.0,0.0,0.0
ACC000263,Advertiser_263,SMB,North America,2025-07-02,Active,1,0,0,0,0,0,0,0,0.0,0.0,0.0
ACC000782,Advertiser_782,SMB,North America,2026-02-11,Active,1,0,0,0,0,0,0,0,0.0,0.0,0.0
ACC000583,Advertiser_583,SMB,North America,2026-02-01,Active,1,0,0,0,0,0,0,0,0.0,0.0,0.0
ACC000206,Advertiser_206,SMB,APAC,2025-11-27,Active,1,0,0,0,0,0,0,0,0.0,0.0,0.0
ACC000775,Advertiser_775,SMB,APAC,2025-06-15,Active,1,1,1,1,1,78670,1093,43,1128.29,1.39,3.93
ACC000033,Advertiser_33,SMB,EMEA,2025-12-23,Active,1,1,1,1,1,80363,1858,100,2590.76,2.31,5.38
ACC000267,Advertiser_267,Mid-Market,EMEA,2025-10-19,Active,1,1,1,1,1,127365,6133,337,16628.42,4.82,5.49
ACC000104,Advertiser_104,SMB,North America,2025-03-20,Active,1,0,0,0,0,0,0,0,0.0,0.0,0.0
ACC000067,Advertiser_67,Enterprise,North America,2025-10-02,Active,1,1,1,1,1,19500902,569792,32852,1169927.64,2.92,5.77
ACC000675,Advertiser_675,Mid-Market,EMEA,2025-07-04,Active,1,1,1,1,1,427652,10979,605,16695.45,2.57,5.51
ACC000419,Advertiser_419,SMB,North America,2025-12-30,Active,1,1,1,1,1,89403,3482,186,7765.49,3.89,5.34
ACC000186,Advertiser_186,SMB,North America,2025-10-15,Active,1,0,0,0,0,0,0,0,0.0,0.0,0.0
ACC000590,Advertiser_590,SMB,LATAM,2026-02-12,Active,1,1,1,1,1,13603,349,18,407.98,2.57,5.16
ACC000585,Advertiser_585,Enterprise,North America,2025-11-25,Active,1,1,1,1,1,4370189,227539,13295,623326.16,5.21,5.84
ACC000556,Advertiser_556,SMB,North America,2025-09-08,Active,1,0,0,0,0,0,0,0,0.0,0.0,0.0
ACC000288,Advertiser_288,SMB,EMEA,2026-01-20,Active,1,0,0,0,0,0,0,0,0.0,0.0,0.0
ACC000119,Advertiser_119,Mid-Market,EMEA,2025-05-29,Active,1,1,1,1,1,2122382,30817,1872,34580.4,1.45,6.07
ACC000849,Advertiser_849,SMB,APAC,2025-10-07,Active,1,0,0,0,0,0,0,0,0.0,0.0,0.0
ACC000308,Advertiser_308,SMB,LATAM,2025-05-10,Active,1,1,1,1,1,116144,1340,68,1184.37,1.15,5.07
ACC000383,Advertiser_383,SMB,EMEA,2025-06-25,Active,1,0,0,0,0,0,0,0,0.0,0.0,0.0
ACC000062,Advertiser_62,SMB,EMEA,2025-06-13,Active,1,1,1,1,1,116887,2240,129,3072.87,1.92,5.76
ACC000980,Advertiser_980,SMB,North America,2025-12-27,Active,1,0,0,0,0,0,0,0,0.0,0.0,0.0
ACC000793,Advertiser_793,Mid-Market,APAC,2026-02-02,Active,1,0,0,0,0,0,0,0,0.0,0.0,0.0
ACC000738,Advertiser_738,Mid-Market,North America,2026-01-26,Active,1,0,0,0,0,0,0,0,0.0,0.0,0.0
ACC000209,Advertiser_209,SMB,North America,2025-08-15,Active,1,0,0,0,0,0,0,0,0.0,0.0,0.0
ACC000063,Advertiser_63,Enterprise,North America,2025-12-06,Active,1,1,1,1,1,5964911,126128,7725,167865.58,2.11,6.12
ACC000416,Advertiser_416,Enterprise,EMEA,2025-03-13,Active,1,1,1,1,1,7826164,162550,10096,215345.9,2.08,6.21
ACC000574,Advertiser_574,SMB,North America,2025-12-03,Active,1,0,0,0,0,0,0,0,0.0,0.0,0.0
ACC000453,Advertiser_453,SMB,EMEA,2025-12-02,Active,1,0,0,0,0,0,0,0,0.0,0.0,0.0
ACC000937,Advertiser_937,SMB,APAC,2025-07-29,Active,1,1,1,1,1,49983,2173,108,5828.44,4.35,4.97
ACC000760,Advertiser_760,SMB,North America,2025-06-22,Active,1,0,0,0,0,0,0,0,0.0,0.0,0.0
ACC000480,Advertiser_480,SMB,EMEA,2025-08-21,Active,1,0,0,0,0,0,0,0,0.0,0.0,0.0
ACC000156,Advertiser_156,SMB,APAC,2025-05-12,Active,1,0,0,0,0,0,0,0,0.0,0.0,0.0
ACC000196,Advertiser_196,SMB,LATAM,2025-04-01,Active,1,1,1,1,1,57854,2910,190,8022.54,5.03,6.53
ACC000731,Advertiser_731,Mid-Market,North America,2026-02-16,Active,1,1,1,1,1,75368,4187,228,11462.81,5.56,5.45
ACC000479,Advertiser_479,SMB,LATAM,2025-10-22,Active,1,0,0,0,0,0,0,0,0.0,0.0,0.0
ACC000982,Advertiser_982,SMB,North America,2026-02-08,Active,1,0,0,0,0,0,0,0,0.0,0.0,0.0
ACC000379,Advertiser_379,SMB,LATAM,2025-05-10,Active,1,1,1,1,1,85474,3764,207,10687.72,4.4,5.5
ACC000727,Advertiser_727,SMB,LATAM,2025-04-24,Active,1,1,1,1,1,64675,2042,70,4031.36,3.16,3.43
ACC000150,Advertiser_150,SMB,North America,2025-05-26,Active,1,0,0,0,0,0,0,0,0.0,0.0,0.0
ACC000162,Advertiser_162,Enterprise,North America,2025-08-15,Active,1,1,1,1,1,13304979,356114,20866,746777.74,2.68,5.86
ACC000090,Advertiser_90,Mid-Market,APAC,2025-10-26,Active,1,1,1,1,1,881042,43560,2467,119148.03,4.94,5.66
ACC000811,Advertiser_811,SMB,North America,2026-02-02,Active,1,1,1,1,1,23250,734,44,916.07,3.16,5.99
ACC000289,Advertiser_289,SMB,EMEA,2025-06-02,Active,1,1,1,1,1,56952,703,38,653.44,1.23,5.41
ACC000047,Advertiser_47,SMB,EMEA,2025-05-23,Active,1,0,0,0,0,0,0,0,0.0,0.0,0.0
ACC000537,Advertiser_537,SMB,EMEA,2025-09-28,Active,1,0,0,0,0,0,0,0,0.0,0.0,0.0
ACC000933,Advertiser_933,Mid-Market,LATAM,2025-12-20,Active,1,1,1,1,1,171765,4056,205,5764.6,2.36,5.05
ACC000005,Advertiser_5,SMB,North America,2025-10-20,Active,1,0,0,0,0,0,0,0,0.0,0.0,0.0
ACC000810,Advertiser_810,SMB,APAC,2025-05-20,Active,1,0,0,0,0,0,0,0,0.0,0.0,0.0
ACC000325,Advertiser_325,Mid-Market,North America,2025-04-21,Active,1,1,1,1,1,692494,23680,1413,58400.46,3.42,5.97
ACC000105,Advertiser_105,SMB,North America,2025-08-29,Active,1,0,0,0,0,0,0,0,0.0,0.0,0.0
ACC000510,Advertiser_510,Mid-Market,EMEA,2025-08-11,Active,1,0,0,0,0,0,0,0,0.0,0.0,0.0
ACC000802,Advertiser_802,Enterprise,LATAM,2025-11-18,Active,1,1,1,1,1,12641499,343203,20283,568916.69,2.71,5.91
ACC000163,Advertiser_163,Mid-Market,EMEA,2025-04-15,Active,1,1,1,1,1,920353,11760,736,11517.83,1.28,6.26
ACC000221,Advertiser_221,Mid-Market,EMEA,2025-08-28,Active,1,1,1,1,1,147253,1811,85,1756.11,1.23,4.69
ACC000542,Advertiser_542,Mid-Market,North America,2025-08-10,Active,1,1,1,1,1,1105227,46220,2790,104031.46,4.18,6.04
ACC000742,Advertiser_742,SMB,APAC,2025-12-24,Active,1,0,0,0,0,0,0,0,0.0,0.0,0.0
ACC000774,Advertiser_774,SMB,North America,2025-08-27,Active,1,0,0,0,0,0,0,0,0.0,0.0,0.0
ACC000563,Advertiser_563,Mid-Market,North America,2025-04-17,Active,1,1,1,1,1,991488,30585,1903,65574.98,3.08,6.22
ACC000880,Advertiser_880,SMB,LATAM,2025-12-04,Active,1,1,1,1,1,26529,625,21,870.48,2.36,3.36
ACC000192,Advertiser_192,SMB,North America,2025-10-07,Active,1,0,0,0,0,0,0,0,0.0,0.0,0.0
ACC000762,Advertiser_762,SMB,North America,2025-06-03,Active,1,0,0,0,0,0,0,0,0.0,0.0,0.0
ACC000462,Advertiser_462,SMB,North America,2025-06-24,Active,1,0,0,0,0,0,0,0,0.0,0.0,0.0
ACC000145,Advertiser_145,SMB,EMEA,2026-01-12,Active,1,0,0,0,0,0,0,0,0.0,0.0,0.0
ACC000873,Advertiser_873,SMB,North America,2025-03-26,Active,1,0,0,0,0,0,0,0,0.0,0.0,0.0
ACC000222,Advertiser_222,SMB,APAC,2025-12-24,Active,1,0,0,0,0,0,0,0,0.0,0.0,0.0
ACC000403,Advertiser_403,SMB,LATAM,2026-02-10,Active,1,0,0,0,0,0,0,0,0.0,0.0,0.0
ACC000486,Advertiser_486,SMB,North America,2026-01-19,Active,1,0,0,0,0,0,0,0,0.0,0.0,0.0
ACC000265,Advertiser_265,SMB,EMEA,2025-06-08,Active,1,0,0,0,0,0,0,0,0.0,0.0,0.0
ACC000384,Advertiser_384,SMB,North America,2025-04-20,Active,1,0,0,0,0,0,0,0,0.0,0.0,0.0
ACC000148,Advertiser_148,Mid-Market,North America,2025-03-23,Active,1,0,0,0,0,0,0,0,0.0,0.0,0.0
ACC000653,Advertiser_653,Enterprise,North America,2025-12-16,Active,1,1,1,1,1,6813719,119823,7568,155862.46,1.76,6.32
ACC000103,Advertiser_103,SMB,North America,2025-10-09,Active,1,0,0,0,0,0,0,0,0.0,0.0,0.0
ACC000788,Advertiser_788,SMB,North America,2026-02-11,Active,1,0,0,0,0,0,0,0,0.0,0.0,0.0
ACC000197,Advertiser_197,SMB,APAC,2025-12-12,Active,1,1,1,1,1,19031,206,3,213.5,1.08,1.46
ACC000496,Advertiser_496,SMB,North America,2025-04-17,Active,1,0,0,0,0,0,0,0,0.0,0.0,0.0
ACC000651,Advertiser_651,SMB,EMEA,2025-05-21,Active,1,0,0,0,0,0,0,0,0.0,0.0,0.0
ACC000041,Advertiser_41,Mid-Market,EMEA,2025-03-11,Active,1,0,0,0,0,0,0,0,0.0,0.0,0.0
ACC000860,Advertiser_860,SMB,North America,2025-09-02,Active,1,0,0,0,0,0,0,0,0.0,0.0,0.0
ACC000681,Advertiser_681,Mid-Market,North America,2025-08-04,Active,1,1,1,1,1,2299803,70212,4135,151538.09,3.05,5.89
ACC000291,Advertiser_291,Mid-Market,North America,2026-01-22,Active,1,1,1,1,1,613476,27879,1772,73825.62,4.54,6.36
ACC000821,Advertiser_821,SMB,North America,2025-04-07,Active,1,0,0,0,0,0,0,0,0.0,0.0,0.0
ACC000231,Advertiser_231,Mid-Market,North America,2026-01-20,Active,1,1,1,1,1,107266,5863,357,17443.45,5.47,6.09
ACC000841,Advertiser_841,SMB,North America,2025-08-11,Active,1,0,0,0,0,0,0,0,0.0,0.0,0.0
ACC000995,Advertiser_995,SMB,North America,2025-09-23,Active,1,0,0,0,0,0,0,0,0.0,0.0,0.0
ACC000015,Advertiser_15,SMB,EMEA,2025-03-27,Active,1,1,1,1,1,85195,4421,264,12583.68,5.19,5.97
ACC000555,Advertiser_555,SMB,APAC,2025-08-29,Active,1,1,1,1,1,25291,1251,62,3761.1,4.95,4.96
ACC000031,Advertiser_31,Mid-Market,North America,2025-06-28,Active,1,1,1,1,1,264519,6399,406,8445.53,2.42,6.34
ACC000962,Advertiser_962,SMB,LATAM,2025-04-01,Active,1,0,0,0,0,0,0,0,0.0,0.0,0.0
ACC000682,Advertiser_682,SMB,North America,2025-10-17,Active,1,0,0,0,0,0,0,0,0.0,0.0,0.0
ACC000407,Advertiser_407,SMB,EMEA,2025-05-06,Active,1,0,0,0,0,0,0,0,0.0,0.0,0.0
ACC000783,Advertiser_783,Enterprise,EMEA,2025-08-25,Active,1,0,0,0,0,0,0,0,0.0,0.0,0.0
ACC000423,Advertiser_423,Mid-Market,APAC,2026-02-02,Active,1,1,1,1,1,231055,2954,195,2861.91,1.28,6.6
ACC000509,Advertiser_509,SMB,LATAM,2025-07-10,Active,1,1,1,1,1,41189,1966,111,5167.64,4.77,5.65
ACC000461,Advertiser_461,SMB,North America,2025-04-30,Active,1,1,1,1,1,138906,1682,74,1675.18,1.21,4.4
ACC000787,Advertiser_787,SMB,North America,2025-07-02,Active,1,0,0,0,0,0,0,0,0.0,0.0,0.0
ACC000780,Advertiser_780,Mid-Market,North America,2025-07-13,Active,1,1,1,1,1,354010,4211,254,3909.94,1.19,6.03
ACC000531,Advertiser_531,SMB,LATAM,2026-01-13,Active,1,1,1,1,1,11509,537,24,1804.7,4.67,4.47
ACC000524,Advertiser_524,SMB,North America,2025-08-28,Active,1,0,0,0,0,0,0,0,0.0,0.0,0.0
ACC000306,Advertiser_306,Enterprise,North America,2025-06-13,Active,1,1,1,1,1,8699603,152272,8960,188757.18,1.75,5.88
ACC000679,Advertiser_679,SMB,EMEA,2026-01-23,Active,1,0,0,0,0,0,0,0,0.0,0.0,0.0
ACC000330,Advertiser_330,Mid-Market,APAC,2025-07-25,Active,1,0,0,0,0,0,0,0,0.0,0.0,0.0
ACC000616,Advertiser_616,Enterprise,North America,2025-06-05,Active,1,1,1,1,1,12902837,627521,37158,1756610.76,4.86,5.92
ACC000247,Advertiser_247,SMB,EMEA,2025-04-08,Active,1,0,0,0,0,0,0,0,0.0,0.0,0.0
ACC000564,Advertiser_564,SMB,EMEA,2025-09-12,Active,1,0,0,0,0,0,0,0,0.0,0.0,0.0
ACC000861,Advertiser_861,SMB,LATAM,2025-07-12,Active,1,0,0,0,0,0,0,0,0.0,0.0,0.0
ACC000122,Advertiser_122,SMB,APAC,2025-07-24,Active,1,0,0,0,0,0,0,0,0.0,0.0,0.0
ACC000498,Advertiser_498,SMB,North America,2025-12-18,Active,1,1,1,1,1,136212,3108,171,3902.21,2.28,5.5
ACC000359,Advertiser_359,SMB,North America,2025-08-13,Active,1,1,1,1,1,90420,3415,169,7250.96,3.78,4.95
ACC000669,Advertiser_669,Mid-Market,EMEA,2025-06-12,Active,1,1,1,1,1,549356,6662,384,5869.12,1.21,5.76
ACC000932,Advertiser_932,SMB,APAC,2026-01-13,Active,1,1,1,1,1,49376,1325,79,2416.4,2.68,5.96
ACC000881,Advertiser_881,Mid-Market,EMEA,2025-04-19,Active,1,1,1,1,1,1273297,41450,2335,87796.18,3.26,5.63
ACC000753,Advertiser_753,Mid-Market,North America,2025-10-23,Active,1,0,0,0,0,0,0,0,0.0,0.0,0.0
ACC000126,Advertiser_126,SMB,North America,2025-12-23,Active,1,1,1,1,1,71807,1762,102,2566.0,2.45,5.79
ACC000295,Advertiser_295,SMB,EMEA,2025-09-24,Active,1,1,1,1,1,44701,2191,106,5435.21,4.9,4.84
ACC000970,Advertiser_970,SMB,LATAM,2025-10-12,Active,1,0,0,0,0,0,0,0,0.0,0.0,0.0
ACC000960,Advertiser_960,SMB,North America,2025-08-22,Active,1,0,0,0,0,0,0,0,0.0,0.0,0.0
ACC000319,Advertiser_319,SMB,North America,2025-10-02,Active,1,1,1,1,1,65184,3179,159,8725.1,4.88,5.0
ACC000431,Advertiser_431,SMB,EMEA,2026-01-23,Active,1,0,0,0,0,0,0,0,0.0,0.0,0.0
ACC000891,Advertiser_891,SMB,North America,2025-12-24,Active,1,1,1,1,1,86565,2169,130,2916.77,2.51,5.99
ACC000562,Advertiser_562,SMB,EMEA,2025-03-26,Active,1,1,1,1,1,205552,7126,411,16231.49,3.47,5.77
ACC000876,Advertiser_876,SMB,APAC,2026-02-10,Active,1,1,1,1,1,3217,69,1,100.83,2.14,1.45
ACC000688,Advertiser_688,Mid-Market,APAC,2026-01-23,Active,1,0,0,0,0,0,0,0,0.0,0.0,0.0
ACC000522,Advertiser_522,SMB,APAC,2025-07-13,Active,1,1,1,1,1,256331,12792,711,33203.61,4.99,5.56
ACC000078,Advertiser_78,SMB,LATAM,2026-02-13,Active,1,0,0,0,0,0,0,0,0.0,0.0,0.0
ACC000009,Advertiser_9,Mid-Market,EMEA,2025-06-10,Active,1,0,0,0,0,0,0,0,0.0,0.0,0.0
ACC000683,Advertiser_683,SMB,EMEA,2025-07-06,Active,1,0,0,0,0,0,0,0,0.0,0.0,0.0
ACC000391,Advertiser_391,SMB,APAC,2026-02-18,Active,1,1,1,1,1,5167,66,1,65.24,1.28,1.52
ACC000908,Advertiser_908,Enterprise,North America,2026-02-28,Active,1,1,0,0,0,0,0,0,0.0,0.0,0.0
ACC000613,Advertiser_613,SMB,North America,2025-09-29,Active,1,0,0,0,0,0,0,0,0.0,0.0,0.0
ACC000779,Advertiser_779,SMB,North America,2025-11-19,Active,1,0,0,0,0,0,0,0,0.0,0.0,0.0
ACC000217,Advertiser_217,SMB,APAC,2025-07-26,Active,1,1,1,1,1,98977,4697,273,11771.8,4.75,5.81
ACC000254,Advertiser_254,SMB,APAC,2026-01-12,Active,1,1,1,1,1,109194,2989,145,7435.59,2.74,4.85
ACC000894,Advertiser_894,SMB,EMEA,2025-12-11,Active,1,1,1,1,1,33549,1702,96,4513.94,5.07,5.64
ACC000355,Advertiser_355,SMB,APAC,2025-06-25,Active,1,0,0,0,0,0,0,0,0.0,0.0,0.0
ACC000725,Advertiser_725,Mid-Market,EMEA,2026-01-10,Active,1,0,0,0,0,0,0,0,0.0,0.0,0.0
ACC000157,Advertiser_157,Mid-Market,APAC,2026-01-26,Active,1,0,0,0,0,0,0,0,0.0,0.0,0.0
ACC000547,Advertiser_547,SMB,North America,2025-07-24,Active,1,0,0,0,0,0,0,0,0.0,0.0,0.0
ACC000144,Advertiser_144,SMB,EMEA,2025-09-04,Active,1,0,0,0,0,0,0,0,0.0,0.0,0.0
ACC000852,Advertiser_852,SMB,EMEA,2025-05-06,Active,1,0,0,0,0,0,0,0,0.0,0.0,0.0
ACC000750,Advertiser_750,SMB,EMEA,2025-08-22,Active,1,1,1,1,1,48270,539,12,548.11,1.12,2.23
ACC000507,Advertiser_507,SMB,EMEA,2025-03-16,Active,1,0,0,0,0,0,0,0,0.0,0.0,0.0
ACC000718,Advertiser_718,SMB,APAC,2025-03-28,Active,1,0,0,0,0,0,0,0,0.0,0.0,0.0
ACC000473,Advertiser_473,SMB,EMEA,2025-04-06,Active,1,1,1,1,1,126461,3917,194,9140.11,3.1,4.95
ACC000334,Advertiser_334,SMB,North America,2025-07-18,Active,1,1,1,1,1,87842,1166,59,1255.55,1.33,5.06
ACC000589,Advertiser_589,Mid-Market,APAC,2025-03-24,Active,1,0,0,0,0,0,0,0,0.0,0.0,0.0
ACC000146,Advertiser_146,SMB,North America,2025-05-19,Active,1,0,0,0,0,0,0,0,0.0,0.0,0.0
ACC000629,Advertiser_629,Mid-Market,EMEA,2025-03-24,Active,1,1,1,1,1,297618,14501,864,38412.65,4.87,5.96
ACC000350,Advertiser_350,SMB,North America,2026-01-05,Active,1,0,0,0,0,0,0,0,0.0,0.0,0.0
ACC000393,Advertiser_393,SMB,EMEA,2025-10-16,Active,1,0,0,0,0,0,0,0,0.0,0.0,0.0
ACC000607,Advertiser_607,Mid-Market,North America,2025-11-05,Active,1,0,0,0,0,0,0,0,0.0,0.0,0.0
ACC000696,Advertiser_696,SMB,North America,2025-08-28,Active,1,0,0,0,0,0,0,0,0.0,0.0,0.0
ACC000065,Advertiser_65,Mid-Market,North America,2025-05-11,Active,1,1,1,1,1,902689,10834,586,10644.78,1.2,5.41
ACC000698,Advertiser_698,SMB,North America,2025-04-13,Active,1,0,0,0,0,0,0,0,0.0,0.0,0.0
ACC000452,Advertiser_452,Mid-Market,EMEA,2025-08-17,Active,1,0,0,0,0,0,0,0,0.0,0.0,0.0
ACC000722,Advertiser_722,SMB,EMEA,2025-03-17,Active,1,0,0,0,0,0,0,0,0.0,0.0,0.0
ACC000642,Advertiser_642,SMB,North America,2025-11-22,Active,1,0,0,0,0,0,0,0,0.0,0.0,0.0
ACC000051,Advertiser_51,SMB,North America,2025-09-19,Active,1,1,1,1,1,121228,2938,147,3923.36,2.42,5.0
ACC000435,Advertiser_435,Enterprise,APAC,2025-10-27,Active,1,0,0,0,0,0,0,0,0.0,0.0,0.0
ACC000358,Advertiser_358,SMB,APAC,2025-04-26,Active,1,1,1,1,1,202296,4859,262,10933.61,2.4,5.39
ACC000540,Advertiser_540,Enterprise,EMEA,2025-08-05,Active,1,1,1,1,1,10047981,254787,16398,352104.05,2.54,6.44
ACC000202,Advertiser_202,SMB,APAC,2026-02-21,Active,1,0,0,0,0,0,0,0,0.0,0.0,0.0
ACC000293,Advertiser_293,SMB,North America,2026-01-27,Active,1,0,0,0,0,0,0,0,0.0,0.0,0.0
ACC000208,Advertiser_208,SMB,EMEA,2025-11-09,Active,1,0,0,0,0,0,0,0,0.0,0.0,0.0
ACC000382,Advertiser_382,SMB,North America,2025-09-08,Active,1,0,0,0,0,0,0,0,0.0,0.0,0.0
ACC000214,Advertiser_214,Mid-Market,APAC,2025-10-21,Active,1,0,0,0,0,0,0,0,0.0,0.0,0.0
ACC000845,Advertiser_845,SMB,EMEA,2026-02-20,Active,1,0,0,0,0,0,0,0,0.0,0.0,0.0
ACC000324,Advertiser_324,SMB,APAC,2025-09-19,Active,1,1,1,1,1,48918,1365,71,1820.39,2.79,5.2
ACC000252,Advertiser_252,SMB,EMEA,2025-10-23,Active,1,1,1,1,1,82585,1772,90,2341.98,2.15,5.08
ACC000713,Advertiser_713,SMB,LATAM,2025-08-20,Active,1,1,1,1,1,127315,6662,408,18987.66,5.23,6.12
ACC000883,Advertiser_883,SMB,EMEA,2025-05-30,Active,1,1,1,1,1,165523,2653,126,2914.18,1.6,4.75
ACC000052,Advertiser_52,SMB,North America,2025-06-10,Active,1,0,0,0,0,0,0,0,0.0,0.0,0.0
ACC000332,Advertiser_332,Enterprise,North America,2025-07-29,Active,1,1,1,1,1,6926618,273491,17153,672498.53,3.95,6.27
ACC000160,Advertiser_160,SMB,APAC,2025-09-18,Active,1,0,0,0,0,0,0,0,0.0,0.0,0.0
ACC000882,Advertiser_882,Enterprise,EMEA,2025-06-25,Active,1,1,1,1,1,8696203,296774,17915,603619.23,3.41,6.04
ACC000025,Advertiser_25,Mid-Market,APAC,2025-12-23,Active,1,1,1,1,1,372025,8972,482,12496.4,2.41,5.37
ACC000759,Advertiser_759,SMB,APAC,2025-12-26,Active,1,0,0,0,0,0,0,0,0.0,0.0,0.0
ACC000743,Advertiser_743,SMB,North America,2025-09-15,Active,1,0,0,0,0,0,0,0,0.0,0.0,0.0
ACC001000,Advertiser_1000,Mid-Market,North America,2025-06-06,Active,1,1,1,1,1,326885,3993,224,3789.73,1.22,5.61
ACC000259,Advertiser_259,Mid-Market,LATAM,2026-01-15,Active,1,0,0,0,0,0,0,0,0.0,0.0,0.0
ACC000083,Advertiser_83,Mid-Market,EMEA,2025-12-26,Active,1,0,0,0,0,0,0,0,0.0,0.0,0.0
ACC000390,Advertiser_390,Mid-Market,North America,2025-07-20,Active,1,1,1,1,1,1704992,57776,3268,127178.21,3.39,5.66
ACC000069,Advertiser_69,Enterprise,LATAM,2026-03-07,Active,1,1,1,1,1,104999,4642,372,12365.39,4.42,8.01
ACC000838,Advertiser_838,SMB,North America,2026-02-05,Active,1,0,0,0,0,0,0,0,0.0,0.0,0.0
ACC000309,Advertiser_309,SMB,North America,2025-04-29,Active,1,1,1,1,1,44796,1174,56,1638.41,2.62,4.77
ACC000305,Advertiser_305,SMB,North America,2025-12-29,Active,1,1,1,1,1,59917,1483,83,2178.39,2.48,5.6
ACC000886,Advertiser_886,SMB,North America,2025-11-17,Active,1,0,0,0,0,0,0,0,0.0,0.0,0.0
ACC000687,Advertiser_687,SMB,North America,2025-04-13,Active,1,0,0,0,0,0,0,0,0.0,0.0,0.0
ACC000433,Advertiser_433,SMB,LATAM,2025-09-20,Active,1,1,1,1,1,12983,659,22,1633.75,5.08,3.34
ACC000567,Advertiser_567,SMB,APAC,2025-08-12,Active,1,0,0,0,0,0,0,0,0.0,0.0,0.0
ACC000858,Advertiser_858,SMB,LATAM,2025-03-16,Active,1,0,0,0,0,0,0,0,0.0,0.0,0.0
ACC000072,Advertiser_72,Mid-Market,North America,2025-12-21,Active,1,1,1,1,1,698872,15659,893,20328.36,2.24,5.7
ACC000929,Advertiser_929,SMB,EMEA,2026-01-23,Active,1,0,0,0,0,0,0,0,0.0,0.0,0.0
ACC000813,Advertiser_813,SMB,North America,2025-08-31,Active,1,1,1,1,1,63529,3269,181,9272.53,5.15,5.54
ACC000463,Advertiser_463,Mid-Market,North America,2026-03-03,Active,1,0,0,0,0,0,0,0,0.0,0.0,0.0
ACC000133,Advertiser_133,SMB,North America,2025-03-29,Active,1,0,0,0,0,0,0,0,0.0,0.0,0.0
ACC000694,Advertiser_694,Enterprise,North America,2026-01-03,Active,1,0,0,0,0,0,0,0,0.0,0.0,0.0
ACC000219,Advertiser_219,Enterprise,APAC,2025-03-19,Active,1,1,1,1,1,10818794,211409,11335,283971.06,1.95,5.36
ACC000893,Advertiser_893,Enterprise,North America,2025-12-09,Active,1,1,1,1,1,10038772,281817,17134,557907.93,2.81,6.08
ACC000654,Advertiser_654,SMB,North America,2025-07-24,Active,1,1,1,1,1,58639,2920,144,7441.26,4.98,4.93
ACC000281,Advertiser_281,SMB,EMEA,2025-07-23,Active,1,0,0,0,0,0,0,0,0.0,0.0,0.0
ACC000593,Advertiser_593,SMB,LATAM,2025-07-03,Active,1,1,1,1,1,64422,3162,184,8125.8,4.91,5.82
ACC000434,Advertiser_434,SMB,APAC,2026-02-25,Active,1,0,0,0,0,0,0,0,0.0,0.0,0.0
ACC000367,Advertiser_367,SMB,APAC,2026-01-07,Active,1,0,0,0,0,0,0,0,0.0,0.0,0.0
ACC000316,Advertiser_316,SMB,EMEA,2025-12-12,Active,1,0,0,0,0,0,0,0,0.0,0.0,0.0
ACC000945,Advertiser_945,Mid-Market,North America,2025-07-03,Active,1,0,0,0,0,0,0,0,0.0,0.0,0.0
ACC000991,Advertiser_991,SMB,EMEA,2025-12-01,Active,1,1,1,1,1,38160,1957,82,5665.47,5.13,4.19
ACC000946,Advertiser_946,SMB,North America,2025-06-25,Active,1,0,0,0,0,0,0,0,0.0,0.0,0.0
ACC000201,Advertiser_201,SMB,EMEA,2025-10-15,Active,1,0,0,0,0,0,0,0,0.0,0.0,0.0
ACC000481,Advertiser_481,Enterprise,APAC,2025-10-14,Active,1,1,1,1,1,14930987,362275,22740,684280.51,2.43,6.28
ACC000381,Advertiser_381,SMB,North America,2025-05-23,Active,1,0,0,0,0,0,0,0,0.0,0.0,0.0
ACC000369,Advertiser_369,SMB,LATAM,2025-11-18,Active,1,0,0,0,0,0,0,0,0.0,0.0,0.0
ACC000660,Advertiser_660,SMB,North America,2025-07-01,Active,1,0,0,0,0,0,0,0,0.0,0.0,0.0
ACC000559,Advertiser_559,SMB,North America,2025-12-27,Active,1,0,0,0,0,0,0,0,0.0,0.0,0.0
ACC000140,Advertiser_140,Mid-Market,North America,2025-09-13,Active,1,0,0,0,0,0,0,0,0.0,0.0,0.0
ACC000085,Advertiser_85,SMB,North America,2026-01-18,Active,1,0,0,0,0,0,0,0,0.0,0.0,0.0
ACC000632,Advertiser_632,SMB,LATAM,2026-01-27,Active,1,0,0,0,0,0,0,0,0.0,0.0,0.0
ACC000190,Advertiser_190,SMB,North America,2025-12-29,Active,1,0,0,0,0,0,0,0,0.0,0.0,0.0
ACC000665,Advertiser_665,SMB,North America,2026-01-26,Active,1,0,0,0,0,0,0,0,0.0,0.0,0.0
ACC000280,Advertiser_280,SMB,EMEA,2025-07-11,Active,1,1,1,1,1,140740,7083,401,19423.48,5.03,5.66
ACC000504,Advertiser_504,SMB,APAC,2025-09-24,Active,1,1,1,1,1,84638,1012,51,965.57,1.2,5.04
ACC000949,Advertiser_949,SMB,North America,2025-06-30,Active,1,0,0,0,0,0,0,0,0.0,0.0,0.0
ACC000745,Advertiser_745,SMB,APAC,2025-10-05,Active,1,0,0,0,0,0,0,0,0.0,0.0,0.0
ACC000297,Advertiser_297,Mid-Market,LATAM,2025-05-08,Active,1,1,1,1,1,285616,3749,179,3655.15,1.31,4.77
ACC000546,Advertiser_546,SMB,North America,2025-11-07,Active,1,0,0,0,0,0,0,0,0.0,0.0,0.0
ACC000076,Advertiser_76,SMB,North America,2025-11-24,Active,1,0,0,0,0,0,0,0,0.0,0.0,0.0
ACC000756,Advertiser_756,SMB,LATAM,2025-11-25,Active,1,0,0,0,0,0,0,0,0.0,0.0,0.0
ACC000986,Advertiser_986,SMB,APAC,2025-03-20,Active,1,1,1,1,1,137431,6321,371,15440.24,4.6,5.87
ACC000141,Advertiser_141,SMB,LATAM,2026-02-19,Active,1,0,0,0,0,0,0,0,0.0,0.0,0.0
ACC000956,Advertiser_956,SMB,North America,2025-04-08,Active,1,1,1,1,1,219468,4154,218,4939.92,1.89,5.25
ACC000211,Advertiser_211,SMB,North America,2025-10-13,Active,1,1,1,1,1,64147,1450,72,2059.91,2.26,4.97
ACC000024,Advertiser_24,SMB,LATAM,2025-06-24,Active,1,1,1,1,1,141069,1971,103,1888.25,1.4,5.23
ACC000321,Advertiser_321,SMB,LATAM,2025-12-14,Active,1,0,0,0,0,0,0,0,0.0,0.0,0.0
ACC000781,Advertiser_781,Mid-Market,LATAM,2025-12-20,Active,1,0,0,0,0,0,0,0,0.0,0.0,0.0
ACC000074,Advertiser_74,SMB,EMEA,2025-04-06,Active,1,0,0,0,0,0,0,0,0.0,0.0,0.0
ACC000467,Advertiser_467,Mid-Market,EMEA,2025-12-14,Active,1,0,0,0,0,0,0,0,0.0,0.0,0.0
ACC000187,Advertiser_187,Mid-Market,North America,2025-03-25,Active,1,0,0,0,0,0,0,0,0.0,0.0,0.0
ACC000327,Advertiser_327,Enterprise,EMEA,2025-12-26,Active,1,1,1,1,1,3753840,59255,3655,68734.08,1.58,6.17
ACC000551,Advertiser_551,SMB,APAC,2025-09-22,Active,1,0,0,0,0,0,0,0,0.0,0.0,0.0
ACC000388,Advertiser_388,SMB,APAC,2025-12-12,Active,1,1,1,1,1,62354,729,35,713.05,1.17,4.8
ACC000734,Advertiser_734,SMB,LATAM,2025-09-29,Active,1,1,1,1,1,14416,715,34,1872.74,4.96,4.76
ACC000518,Advertiser_518,SMB,EMEA,2025-07-21,Active,1,1,1,1,1,66968,825,41,879.27,1.23,4.97
ACC000457,Advertiser_457,SMB,LATAM,2025-12-28,Active,1,0,0,0,0,0,0,0,0.0,0.0,0.0
ACC000506,Advertiser_506,SMB,EMEA,2025-07-16,Active,1,0,0,0,0,0,0,0,0.0,0.0,0.0
ACC000897,Advertiser_897,Mid-Market,North America,2025-08-01,Active,1,1,1,1,1,789953,10064,537,10120.17,1.27,5.34
ACC000826,Advertiser_826,SMB,North America,2025-10-28,Active,1,0,0,0,0,0,0,0,0.0,0.0,0.0
ACC000604,Advertiser_604,Enterprise,EMEA,2025-12-15,Active,1,1,1,1,1,12243647,492030,30160,1211835.52,4.02,6.13
ACC000884,Advertiser_884,SMB,North America,2025-10-30,Active,1,1,1,1,1,55406,2407,156,6238.52,4.34,6.48
ACC000337,Advertiser_337,SMB,EMEA,2026-02-18,Active,1,1,1,1,1,12810,240,12,332.63,1.87,5.0
ACC000548,Advertiser_548,SMB,EMEA,2025-12-04,Active,1,1,1,1,1,117970,3833,212,8044.12,3.25,5.53
ACC000655,Advertiser_655,Mid-Market,LATAM,2025-07-06,Active,1,0,0,0,0,0,0,0,0.0,0.0,0.0
ACC000408,Advertiser_408,SMB,North America,2025-07-27,Active,1,0,0,0,0,0,0,0,0.0,0.0,0.0
ACC000847,Advertiser_847,SMB,APAC,2025-09-23,Active,1,0,0,0,0,0,0,0,0.0,0.0,0.0
ACC000131,Advertiser_131,Enterprise,North America,2025-06-05,Active,1,1,1,1,1,14409215,326785,19314,542955.53,2.27,5.91
ACC000450,Advertiser_450,SMB,EMEA,2025-04-11,Active,1,0,0,0,0,0,0,0,0.0,0.0,0.0
ACC000300,Advertiser_300,Mid-Market,EMEA,2025-08-04,Active,1,1,1,1,1,832860,27168,1648,57602.17,3.26,6.07
ACC000395,Advertiser_395,Mid-Market,North America,2025-08-19,Active,1,0,0,0,0,0,0,0,0.0,0.0,0.0
ACC000223,Advertiser_223,SMB,EMEA,2025-05-13,Active,1,0,0,0,0,0,0,0,0.0,0.0,0.0
ACC000417,Advertiser_417,SMB,APAC,2025-12-21,Active,1,1,1,1,1,54173,1379,72,2039.8,2.55,5.22
ACC000026,Advertiser_26,Mid-Market,North America,2026-02-07,Active,1,0,0,0,0,0,0,0,0.0,0.0,0.0
ACC000490,Advertiser_490,Enterprise,North America,2025-04-15,Active,1,1,1,1,1,12752932,306505,18123,402344.38,2.4,5.91
ACC000794,Advertiser_794,Enterprise,North America,2026-01-19,Active,1,1,1,1,1,4595979,149569,8714,300361.08,3.25,5.83
ACC000784,Advertiser_784,Mid-Market,APAC,2025-12-11,Active,1,1,1,1,1,737595,36513,2061,100069.19,4.95,5.64
ACC000511,Advertiser_511,Enterprise,APAC,2025-04-05,Active,1,1,1,1,1,9596985,196626,11928,261146.03,2.05,6.07
ACC000534,Advertiser_534,Mid-Market,North America,2026-02-17,Active,1,1,1,1,1,37414,537,37,480.59,1.44,6.89
ACC000701,Advertiser_701,SMB,APAC,2025-05-14,Active,1,1,1,1,1,82128,3827,191,9886.99,4.66,4.99
ACC000454,Advertiser_454,SMB,North America,2025-07-24,Active,1,0,0,0,0,0,0,0,0.0,0.0,0.0
ACC000468,Advertiser_468,Mid-Market,APAC,2025-08-29,Active,1,0,0,0,0,0,0,0,0.0,0.0,0.0
ACC000058,Advertiser_58,SMB,North America,2025-07-22,Active,1,1,1,1,1,93406,1264,46,1210.43,1.35,3.64
ACC000874,Advertiser_874,SMB,LATAM,2025-04-18,Active,1,0,0,0,0,0,0,0,0.0,0.0,0.0
ACC000123,Advertiser_123,SMB,EMEA,2025-06-18,Active,1,1,1,1,1,78127,883,37,868.78,1.13,4.19
ACC000529,Advertiser_529,Enterprise,North America,2025-06-06,Active,1,1,1,1,1,10621087,336652,19003,748759.55,3.17,5.64
ACC000089,Advertiser_89,Enterprise,APAC,2025-08-13,Active,1,1,1,1,1,20335790,549228,32636,1108109.32,2.7,5.94
ACC000184,Advertiser_184,SMB,North America,2025-11-09,Active,1,1,1,1,1,67477,3028,166,7894.05,4.49,5.48
ACC000633,Advertiser_633,Enterprise,North America,2025-10-03,Active,1,0,0,0,0,0,0,0,0.0,0.0,0.0
ACC000931,Advertiser_931,SMB,North America,2025-07-10,Active,1,0,0,0,0,0,0,0,0.0,0.0,0.0
ACC000503,Advertiser_503,SMB,LATAM,2026-03-08,Active,1,0,0,0,0,0,0,0,0.0,0.0,0.0
ACC000525,Advertiser_525,Enterprise,North America,2026-01-29,Active,1,1,1,1,1,5143529,106641,6631,130695.62,2.07,6.22
ACC000110,Advertiser_110,SMB,EMEA,2025-04-28,Active,1,0,0,0,0,0,0,0,0.0,0.0,0.0
ACC000641,Advertiser_641,SMB,EMEA,2025-11-30,Active,1,1,1,1,1,137266,1769,77,1651.18,1.29,4.35
ACC000409,Advertiser_409,SMB,EMEA,2025-08-20,Active,1,0,0,0,0,0,0,0,0.0,0.0,0.0
ACC000318,Advertiser_318,Mid-Market,North America,2026-02-18,Active,1,1,1,1,1,58547,1362,84,2020.35,2.33,6.17
ACC000758,Advertiser_758,SMB,APAC,2025-03-20,Active,1,0,0,0,0,0,0,0,0.0,0.0,0.0
ACC000370,Advertiser_370,Mid-Market,LATAM,2025-08-11,Active,1,1,1,1,1,492867,8120,441,9110.53,1.65,5.43
ACC000656,Advertiser_656,Mid-Market,LATAM,2025-06-26,Active,1,1,1,1,1,204626,5274,288,8071.55,2.58,5.46
ACC000070,Advertiser_70,Enterprise,LATAM,2026-02-02,Active,1,1,1,1,1,2513407,65560,3900,93563.53,2.61,5.95
ACC000164,Advertiser_164,SMB,North America,2025-10-12,Active,1,0,0,0,0,0,0,0,0.0,0.0,0.0
ACC000195,Advertiser_195,SMB,North America,2025-03-31,Active,1,1,1,1,1,119432,3034,176,4033.65,2.54,5.8
ACC000978,Advertiser_978,Enterprise,EMEA,2025-03-31,Active,1,1,1,1,1,5691572,85054,5207,97025.83,1.49,6.12
ACC000517,Advertiser_517,SMB,APAC,2025-07-26,Active,1,0,0,0,0,0,0,0,0.0,0.0,0.0
ACC000865,Advertiser_865,SMB,EMEA,2025-10-25,Active,1,0,0,0,0,0,0,0,0.0,0.0,0.0
ACC000941,Advertiser_941,Mid-Market,North America,2025-04-07,Active,1,1,1,1,1,669751,8152,507,7932.12,1.22,6.22
ACC000623,Advertiser_623,Mid-Market,North America,2026-02-21,Active,1,0,0,0,0,0,0,0,0.0,0.0,0.0
ACC000605,Advertiser_605,SMB,North America,2025-10-25,Active,1,1,1,1,1,95554,1988,97,2616.98,2.08,4.88
ACC000377,Advertiser_377,SMB,North America,2025-10-08,Active,1,1,1,1,1,18972,927,47,2179.15,4.89,5.07
ACC000814,Advertiser_814,SMB,LATAM,2026-01-23,Active,1,0,0,0,0,0,0,0,0.0,0.0,0.0
ACC000519,Advertiser_519,SMB,EMEA,2025-10-05,Active,1,0,0,0,0,0,0,0,0.0,0.0,0.0
ACC000536,Advertiser_536,Enterprise,North America,2025-05-21,Active,1,1,1,1,1,6925198,183096,10807,424358.55,2.64,5.9
ACC000398,Advertiser_398,SMB,North America,2025-08-03,Active,1,0,0,0,0,0,0,0,0.0,0.0,0.0
ACC000013,Advertiser_13,Mid-Market,APAC,2025-08-29,Active,1,0,0,0,0,0,0,0,0.0,0.0,0.0
ACC000530,Advertiser_530,SMB,North America,2025-07-19,Active,1,0,0,0,0,0,0,0,0.0,0.0,0.0
ACC000839,Advertiser_839,SMB,EMEA,2025-10-21,Active,1,0,0,0,0,0,0,0,0.0,0.0,0.0
ACC000748,Advertiser_748,Enterprise,APAC,2025-06-18,Active,1,1,1,1,1,15382437,611442,36640,1649003.54,3.97,5.99
ACC000580,Advertiser_580,SMB,North America,2025-08-01,Active,1,0,0,0,0,0,0,0,0.0,0.0,0.0
ACC000926,Advertiser_926,SMB,EMEA,2025-08-05,Active,1,1,1,1,1,120708,6351,385,17252.21,5.26,6.06
ACC000719,Advertiser_719,SMB,North America,2025-11-09,Active,1,0,0,0,0,0,0,0,0.0,0.0,0.0
ACC000339,Advertiser_339,SMB,LATAM,2025-07-24,Active,1,1,1,1,1,73355,1958,103,3076.12,2.67,5.26
ACC000335,Advertiser_335,SMB,APAC,2026-01-31,Active,1,1,1,1,1,38511,1881,124,5682.41,4.88,6.59
ACC000943,Advertiser_943,Mid-Market,EMEA,2025-05-02,Active,1,1,1,1,1,1397966,59064,3427,153208.64,4.22,5.8
ACC000394,Advertiser_394,Mid-Market,APAC,2025-09-23,Active,1,1,1,1,1,559811,12945,690,25322.19,2.31,5.33
ACC000820,Advertiser_820,SMB,North America,2026-02-12,Active,1,1,1,1,1,11436,299,13,333.82,2.61,4.35
ACC000693,Advertiser_693,SMB,North America,2025-09-17,Active,1,0,0,0,0,0,0,0,0.0,0.0,0.0
ACC000516,Advertiser_516,SMB,North America,2025-11-26,Active,1,0,0,0,0,0,0,0,0.0,0.0,0.0
ACC000889,Advertiser_889,Mid-Market,EMEA,2025-04-28,Active,1,1,1,1,1,877154,19747,1102,26463.22,2.25,5.58
ACC000059,Advertiser_59,SMB,EMEA,2025-05-31,Active,1,0,0,0,0,0,0,0,0.0,0.0,0.0
ACC000666,Advertiser_666,Enterprise,APAC,2025-11-10,Active,1,1,1,1,1,10811612,244759,14596,342086.2,2.26,5.96
ACC000275,Advertiser_275,Mid-Market,North America,2025-12-26,Active,1,0,0,0,0,0,0,0,0.0,0.0,0.0
ACC000333,Advertiser_333,SMB,North America,2025-10-22,Active,1,1,1,1,1,101691,5285,386,14727.65,5.2,7.3
ACC000959,Advertiser_959,Mid-Market,EMEA,2025-08-14,Active,1,0,0,0,0,0,0,0,0.0,0.0,0.0
ACC000117,Advertiser_117,SMB,APAC,2025-03-20,Active,1,1,1,1,1,103603,3104,129,5673.8,3.0,4.16
ACC000740,Advertiser_740,Mid-Market,North America,2025-09-04,Active,1,1,1,1,1,1300370,46500,2601,116028.11,3.58,5.59
ACC000922,Advertiser_922,SMB,North America,2026-01-24,Active,1,0,0,0,0,0,0,0,0.0,0.0,0.0
ACC000121,Advertiser_121,Mid-Market,North America,2025-06-04,Active,1,0,0,0,0,0,0,0,0.0,0.0,0.0
ACC000739,Advertiser_739,SMB,North America,2025-05-27,Active,1,0,0,0,0,0,0,0,0.0,0.0,0.0
ACC000703,Advertiser_703,SMB,North America,2025-05-08,Active,1,1,1,1,1,64045,795,38,657.43,1.24,4.78
ACC000927,Advertiser_927,SMB,APAC,2026-02-16,Active,1,1,1,1,1,38741,568,31,616.24,1.47,5.46
ACC000717,Advertiser_717,Enterprise,North America,2025-09-25,Active,1,1,1,1,1,20354541,713789,41039,1541800.41,3.51,5.75
ACC000907,Advertiser_907,Enterprise,North America,2025-11-15,Active,1,1,1,1,1,7093345,105153,6254,121208.48,1.48,5.95
ACC000934,Advertiser_934,Enterprise,North America,2025-05-24,Active,1,0,0,0,0,0,0,0,0.0,0.0,0.0
ACC000093,Advertiser_93,Mid-Market,APAC,2025-11-17,Active,1,1,1,1,1,344554,4093,232,4000.16,1.19,5.67
ACC000088,Advertiser_88,Mid-Market,APAC,2026-02-27,Active,1,0,0,0,0,0,0,0,0.0,0.0,0.0
ACC000245,Advertiser_245,Mid-Market,APAC,2025-10-16,Active,1,0,0,0,0,0,0,0,0.0,0.0,0.0
ACC000061,Advertiser_61,SMB,EMEA,2025-10-02,Active,1,0,0,0,0,0,0,0,0.0,0.0,0.0
ACC000270,Advertiser_270,SMB,North America,2025-10-21,Active,1,0,0,0,0,0,0,0,0.0,0.0,0.0
ACC000459,Advertiser_459,Mid-Market,APAC,2025-06-19,Active,1,0,0,0,0,0,0,0,0.0,0.0,0.0
ACC000645,Advertiser_645,SMB,North America,2025-07-04,Active,1,0,0,0,0,0,0,0,0.0,0.0,0.0
ACC000343,Advertiser_343,Enterprise,North America,2025-09-19,Active,1,1,1,1,1,20747288,479936,27464,732182.66,2.31,5.72
ACC000039,Advertiser_39,SMB,North America,2025-06-03,Active,1,0,0,0,0,0,0,0,0.0,0.0,0.0
ACC000458,Advertiser_458,SMB,EMEA,2026-02-16,Active,1,0,0,0,0,0,0,0,0.0,0.0,0.0
ACC000274,Advertiser_274,Mid-Market,EMEA,2025-05-15,Active,1,0,0,0,0,0,0,0,0.0,0.0,0.0
ACC000730,Advertiser_730,SMB,North America,2025-06-24,Active,1,0,0,0,0,0,0,0,0.0,0.0,0.0
ACC000947,Advertiser_947,SMB,North America,2025-11-11,Active,1,1,1,1,1,36246,1852,110,5084.52,5.11,5.94
ACC000228,Advertiser_228,Mid-Market,North America,2025-09-30,Active,1,1,1,1,1,369771,19176,1079,55106.16,5.19,5.63
ACC000310,Advertiser_310,SMB,North America,2025-08-06,Active,1,0,0,0,0,0,0,0,0.0,0.0,0.0
ACC000426,Advertiser_426,SMB,LATAM,2025-08-02,Active,1,1,1,1,1,56234,2774,168,6942.8,4.93,6.06
ACC000212,Advertiser_212,SMB,APAC,2025-07-13,Active,1,0,0,0,0,0,0,0,0.0,0.0,0.0
ACC000837,Advertiser_837,SMB,North America,2025-04-24,Active,1,1,1,1,1,82053,1042,48,1039.37,1.27,4.61
ACC000939,Advertiser_939,SMB,EMEA,2025-05-26,Active,1,0,0,0,0,0,0,0,0.0,0.0,0.0
ACC000095,Advertiser_95,SMB,EMEA,2025-08-19,Active,1,1,1,1,1,57647,2765,147,7135.78,4.8,5.32
ACC000363,Advertiser_363,Enterprise,LATAM,2025-07-18,Active,1,1,1,1,1,4994323,61694,3720,63201.08,1.24,6.03
ACC000075,Advertiser_75,Mid-Market,North America,2026-01-16,Active,1,0,0,0,0,0,0,0,0.0,0.0,0.0
ACC000224,Advertiser_224,SMB,APAC,2026-01-19,Active,1,1,1,1,1,29235,383,24,351.23,1.31,6.27
ACC000961,Advertiser_961,Mid-Market,North America,2025-09-19,Active,1,1,1,1,1,728113,36294,1924,102169.79,4.98,5.3
ACC000796,Advertiser_796,Enterprise,EMEA,2025-12-12,Active,1,0,0,0,0,0,0,0,0.0,0.0,0.0
ACC000695,Advertiser_695,SMB,North America,2026-01-18,Active,1,1,1,1,1,48888,2219,138,6182.76,4.54,6.22
ACC000571,Advertiser_571,SMB,EMEA,2026-03-05,Active,1,0,0,0,0,0,0,0,0.0,0.0,0.0
ACC000354,Advertiser_354,Mid-Market,North America,2025-12-31,Active,1,0,0,0,0,0,0,0,0.0,0.0,0.0
ACC000650,Advertiser_650,SMB,North America,2025-03-21,Active,1,0,0,0,0,0,0,0,0.0,0.0,0.0
ACC000993,Advertiser_993,SMB,LATAM,2025-06-21,Active,1,1,1,1,1,107727,1214,60,1143.38,1.13,4.94
ACC000037,Advertiser_37,SMB,EMEA,2026-01-30,Active,1,0,0,0,0,0,0,0,0.0,0.0,0.0
ACC000240,Advertiser_240,Enterprise,North America,2025-08-06,Active,1,1,1,1,1,10259546,310094,17773,712487.55,3.02,5.73
ACC000910,Advertiser_910,SMB,EMEA,2025-06-11,Active,1,0,0,0,0,0,0,0,0.0,0.0,0.0
ACC000338,Advertiser_338,Mid-Market,EMEA,2025-09-28,Active,1,1,1,1,1,231936,10917,628,31047.13,4.71,5.75
ACC000177,Advertiser_177,SMB,North America,2025-05-20,Active,1,0,0,0,0,0,0,0,0.0,0.0,0.0
ACC000528,Advertiser_528,Mid-Market,North America,2026-03-10,Active,1,0,0,0,0,0,0,0,0.0,0.0,0.0
ACC000898,Advertiser_898,SMB,LATAM,2025-08-27,Active,1,0,0,0,0,0,0,0,0.0,0.0,0.0
ACC000142,Advertiser_142,Enterprise,North America,2026-03-01,Active,1,1,1,1,1,745161,30000,1770,84945.56,4.03,5.9
ACC000916,Advertiser_916,SMB,APAC,2026-01-17,Active,1,1,1,1,1,34791,1215,64,1567.71,3.49,5.27
ACC000721,Advertiser_721,SMB,EMEA,2025-04-09,Active,1,0,0,0,0,0,0,0,0.0,0.0,0.0
ACC000106,Advertiser_106,Enterprise,EMEA,2025-10-08,Active,1,0,0,0,0,0,0,0,0.0,0.0,0.0
ACC000795,Advertiser_795,SMB,LATAM,2025-07-31,Active,1,1,1,1,1,117233,1361,69,1291.1,1.16,5.07
ACC000357,Advertiser_357,Mid-Market,EMEA,2025-05-10,Active,1,0,0,0,0,0,0,0,0.0,0.0,0.0
ACC000242,Advertiser_242,SMB,North America,2025-09-09,Active,1,0,0,0,0,0,0,0,0.0,0.0,0.0
ACC000854,Advertiser_854,Mid-Market,APAC,2026-02-11,Active,1,1,1,1,1,19600,244,8,292.66,1.24,3.28
ACC000697,Advertiser_697,Mid-Market,North America,2025-03-30,Active,1,0,0,0,0,0,0,0,0.0,0.0,0.0
ACC000326,Advertiser_326,SMB,LATAM,2025-09-14,Active,1,0,0,0,0,0,0,0,0.0,0.0,0.0
ACC000560,Advertiser_560,SMB,EMEA,2025-08-10,Active,1,1,1,1,1,99331,1184,64,1223.76,1.19,5.41
ACC000378,Advertiser_378,SMB,EMEA,2025-04-27,Active,1,0,0,0,0,0,0,0,0.0,0.0,0.0
ACC000690,Advertiser_690,SMB,North America,2025-03-18,Active,1,0,0,0,0,0,0,0,0.0,0.0,0.0
ACC000789,Advertiser_789,SMB,EMEA,2026-03-11,Active,1,1,0,0,0,0,0,0,0.0,0.0,0.0
ACC000919,Advertiser_919,SMB,North America,2025-12-19,Active,1,0,0,0,0,0,0,0,0.0,0.0,0.0
ACC000620,Advertiser_620,SMB,North America,2025-04-08,Active,1,0,0,0,0,0,0,0,0.0,0.0,0.0
ACC000246,Advertiser_246,SMB,APAC,2025-11-19,Active,1,1,1,1,1,45787,2495,142,6813.69,5.45,5.69
ACC000375,Advertiser_375,SMB,LATAM,2026-03-02,Active,1,0,0,0,0,0,0,0,0.0,0.0,0.0
ACC000572,Advertiser_572,Mid-Market,EMEA,2025-10-16,Active,1,1,1,1,1,565370,27831,1673,77337.35,4.92,6.01
ACC000997,Advertiser_997,Mid-Market,EMEA,2025-04-07,Active,1,0,0,0,0,0,0,0,0.0,0.0,0.0
ACC000612,Advertiser_612,SMB,LATAM,2025-11-29,Active,1,0,0,0,0,0,0,0,0.0,0.0,0.0
ACC000311,Advertiser_311,SMB,North America,2025-06-22,Active,1,0,0,0,0,0,0,0,0.0,0.0,0.0
ACC000404,Advertiser_404,SMB,North America,2025-03-29,Active,1,0,0,0,0,0,0,0,0.0,0.0,0.0
ACC000667,Advertiser_667,Mid-Market,EMEA,2025-03-13,Active,1,1,1,1,1,670432,12080,663,15553.28,1.8,5.49
ACC000427,Advertiser_427,Mid-Market,APAC,2025-06-19,Active,1,0,0,0,0,0,0,0,0.0,0.0,0.0
ACC000006,Advertiser_6,SMB,APAC,2025-03-19,Active,1,0,0,0,0,0,0,0,0.0,0.0,0.0
ACC000021,Advertiser_21,SMB,APAC,2025-04-16,Active,1,0,0,0,0,0,0,0,0.0,0.0,0.0
ACC000544,Advertiser_544,Mid-Market,North America,2025-03-14,Active,1,0,0,0,0,0,0,0,0.0,0.0,0.0
ACC000487,Advertiser_487,Mid-Market,North America,2025-12-31,Active,1,0,0,0,0,0,0,0,0.0,0.0,0.0
ACC000096,Advertiser_96,Mid-Market,North America,2026-02-25,Active,1,1,1,1,1,64019,2854,171,7794.56,4.46,5.99
ACC000342,Advertiser_342,SMB,EMEA,2025-12-20,Active,1,0,0,0,0,0,0,0,0.0,0.0,0.0
ACC000011,Advertiser_11,SMB,APAC,2025-05-20,Active,1,1,1,1,1,59018,1455,72,2234.28,2.47,4.95
ACC000772,Advertiser_772,SMB,North America,2025-05-01,Active,1,0,0,0,0,0,0,0,0.0,0.0,0.0
ACC000816,Advertiser_816,Enterprise,North America,2025-08-01,Active,1,1,1,1,1,14750252,349028,21397,637854.58,2.37,6.13
ACC000527,Advertiser_527,SMB,LATAM,2025-08-22,Active,1,1,1,1,1,75540,3669,196,10261.03,4.86,5.34
ACC000768,Advertiser_768,SMB,APAC,2025-09-23,Active,1,1,1,1,1,73056,3395,196,8869.32,4.65,5.77
ACC000936,Advertiser_936,Mid-Market,APAC,2026-01-04,Active,1,1,1,1,1,590012,13737,851,20262.5,2.33,6.19
ACC000866,Advertiser_866,SMB,APAC,2025-03-27,Active,1,0,0,0,0,0,0,0,0.0,0.0,0.0
ACC000229,Advertiser_229,Mid-Market,North America,2025-06-07,Active,1,0,0,0,0,0,0,0,0.0,0.0,0.0
ACC000558,Advertiser_558,SMB,North America,2025-10-02,Active,1,0,0,0,0,0,0,0,0.0,0.0,0.0
ACC000902,Advertiser_902,SMB,North America,2025-06-27,Active,1,1,1,1,1,82281,900,43,977.05,1.09,4.78
ACC000080,Advertiser_80,SMB,LATAM,2025-12-19,Active,1,1,1,1,1,25974,1407,83,3670.99,5.42,5.9
ACC000410,Advertiser_410,SMB,LATAM,2026-02-26,Active,1,0,0,0,0,0,0,0,0.0,0.0,0.0
ACC000120,Advertiser_120,Enterprise,APAC,2025-05-02,Active,1,1,1,1,1,8489644,111735,6978,114457.21,1.32,6.25
ACC000207,Advertiser_207,SMB,North America,2025-03-19,Active,1,1,1,1,1,85917,2181,108,3315.89,2.54,4.95
ACC000707,Advertiser_707,Mid-Market,APAC,2025-11-09,Active,1,1,1,1,1,838228,15274,870,19860.76,1.82,5.7
ACC000706,Advertiser_706,SMB,EMEA,2025-10-11,Active,1,1,1,1,1,30083,737,26,932.6,2.45,3.53
ACC000183,Advertiser_183,Enterprise,North America,2025-11-25,Active,1,0,0,0,0,0,0,0,0.0,0.0,0.0
ACC000777,Advertiser_777,Mid-Market,North America,2025-06-06,Active,1,1,1,1,1,611225,27895,1560,77716.16,4.56,5.59
ACC000139,Advertiser_139,Enterprise,North America,2026-01-29,Active,1,1,1,1,1,3048615,107474,6377,241425.78,3.53,5.93
ACC000570,Advertiser_570,Enterprise,LATAM,2025-04-08,Active,1,1,1,1,1,11322905,416713,25204,985849.12,3.68,6.05
ACC000266,Advertiser_266,Mid-Market,North America,2025-08-11,Active,1,1,1,1,1,1006572,15673,875,18943.03,1.56,5.58
ACC000957,Advertiser_957,SMB,APAC,2025-10-13,Active,1,1,1,1,1,36416,439,16,450.76,1.21,3.64
ACC000445,Advertiser_445,SMB,LATAM,2025-12-20,Active,1,0,0,0,0,0,0,0,0.0,0.0,0.0
ACC000272,Advertiser_272,SMB,EMEA,2026-03-01,Active,1,0,0,0,0,0,0,0,0.0,0.0,0.0
ACC000541,Advertiser_541,SMB,North America,2025-04-16,Active,1,0,0,0,0,0,0,0,0.0,0.0,0.0
ACC000430,Advertiser_430,SMB,EMEA,2025-06-02,Active,1,1,1,1,1,15629,372,10,501.89,2.38,2.69
ACC000220,Advertiser_220,SMB,APAC,2025-08-13,Active,1,0,0,0,0,0,0,0,0.0,0.0,0.0
ACC000099,Advertiser_99,Enterprise,North America,2025-05-20,Active,1,1,1,1,1,15964694,466108,26722,981430.12,2.92,5.73
ACC000822,Advertiser_822,SMB,North America,2025-11-26,Active,1,0,0,0,0,0,0,0,0.0,0.0,0.0
ACC000840,Advertiser_840,Enterprise,North America,2025-03-18,Active,1,1,1,1,1,9187675,356765,21677,858257.46,3.88,6.08
ACC000550,Advertiser_550,SMB,APAC,2025-04-02,Active,1,0,0,0,0,0,0,0,0.0,0.0,0.0
ACC000478,Advertiser_478,Mid-Market,EMEA,2025-07-04,Active,1,0,0,0,0,0,0,0,0.0,0.0,0.0
ACC000429,Advertiser_429,Enterprise,EMEA,2025-10-17,Active,1,1,1,1,1,9215101,226303,13714,351374.67,2.46,6.06
ACC000159,Advertiser_159,SMB,North America,2025-09-26,Active,1,1,1,1,1,20807,458,17,671.58,2.2,3.71
ACC000108,Advertiser_108,SMB,EMEA,2025-07-16,Active,1,0,0,0,0,0,0,0,0.0,0.0,0.0
ACC000043,Advertiser_43,SMB,North America,2026-02-07,Active,1,0,0,0,0,0,0,0,0.0,0.0,0.0
ACC000048,Advertiser_48,SMB,North America,2025-08-15,Active,1,1,1,1,1,54102,2647,136,7266.77,4.89,5.14
ACC000368,Advertiser_368,Mid-Market,North America,2025-06-22,Active,1,1,1,1,1,201970,5194,318,7459.34,2.57,6.12
ACC000098,Advertiser_98,SMB,North America,2025-10-02,Active,1,0,0,0,0,0,0,0,0.0,0.0,0.0
ACC000387,Advertiser_387,SMB,APAC,2026-01-02,Active,1,0,0,0,0,0,0,0,0.0,0.0,0.0
ACC000322,Advertiser_322,SMB,APAC,2025-09-07,Active,1,0,0,0,0,0,0,0,0.0,0.0,0.0
ACC000446,Advertiser_446,Enterprise,EMEA,2025-12-04,Active,1,0,0,0,0,0,0,0,0.0,0.0,0.0
ACC000469,Advertiser_469,SMB,North America,2025-03-18,Active,1,0,0,0,0,0,0,0,0.0,0.0,0.0
ACC000001,Advertiser_1,SMB,North America,2025-10-22,Active,1,0,0,0,0,0,0,0,0.0,0.0,0.0
ACC000809,Advertiser_809,Mid-Market,North America,2025-08-30,Active,1,1,1,1,1,1446932,50556,2792,109886.35,3.49,5.52
ACC000505,Advertiser_505,Mid-Market,North America,2025-04-11,Active,1,1,1,1,1,750793,9541,586,9398.98,1.27,6.14
ACC000877,Advertiser_877,Mid-Market,EMEA,2025-04-07,Active,1,1,1,1,1,352472,4158,229,4255.41,1.18,5.51
ACC000389,Advertiser_389,SMB,LATAM,2025-07-09,Active,1,0,0,0,0,0,0,0,0.0,0.0,0.0
ACC000630,Advertiser_630,SMB,North America,2025-03-29,Active,1,1,1,1,1,159644,2377,111,2906.16,1.49,4.67
ACC000596,Advertiser_596,SMB,North America,2025-10-25,Active,1,1,1,1,1,88180,1264,40,1509.46,1.43,3.16
ACC000870,Advertiser_870,SMB,North America,2025-10-08,Active,1,1,1,1,1,15511,400,9,541.58,2.58,2.25
ACC000003,Advertiser_3,SMB,North America,2025-11-20,Active,1,0,0,0,0,0,0,0,0.0,0.0,0.0
ACC000155,Advertiser_155,Enterprise,North America,2025-06-09,Active,1,1,1,1,1,10153718,530238,29967,1467571.08,5.22,5.65
ACC000636,Advertiser_636,SMB,EMEA,2026-02-28,Active,1,0,0,0,0,0,0,0,0.0,0.0,0.0
ACC000260,Advertiser_260,SMB,EMEA,2025-05-28,Active,1,1,1,1,1,94233,1155,50,1212.18,1.23,4.33
ACC000670,Advertiser_670,SMB,North America,2025-03-16,Active,1,1,1,1,1,144911,3613,211,5068.79,2.49,5.84
ACC000397,Advertiser_397,SMB,LATAM,2025-06-19,Active,1,1,1,1,1,91152,3835,230,10011.09,4.21,6.0
ACC000232,Advertiser_232,Mid-Market,North America,2025-12-16,Active,1,0,0,0,0,0,0,0,0.0,0.0,0.0
ACC000909,Advertiser_909,SMB,North America,2025-04-12,Active,1,0,0,0,0,0,0,0,0.0,0.0,0.0
ACC000984,Advertiser_984,SMB,EMEA,2025-03-31,Active,1,0,0,0,0,0,0,0,0.0,0.0,0.0
ACC000863,Advertiser_863,SMB,North America,2025-08-26,Active,1,1,1,1,1,49696,652,32,670.23,1.31,4.91
ACC000602,Advertiser_602,SMB,North America,2025-10-13,Active,1,0,0,0,0,0,0,0,0.0,0.0,0.0
ACC000710,Advertiser_710,SMB,APAC,2025-05-24,Active,1,0,0,0,0,0,0,0,0.0,0.0,0.0
ACC000007,Advertiser_7,SMB,North America,2025-09-20,Active,1,0,0,0,0,0,0,0,0.0,0.0,0.0
ACC000807,Advertiser_807,SMB,North America,2026-01-15,Active,1,1,1,1,1,22757,232,8,222.25,1.02,3.45
ACC000243,Advertiser_243,Enterprise,North America,2025-04-08,Active,1,1,1,1,1,19279568,609118,35679,1322104.96,3.16,5.86
ACC000805,Advertiser_805,Enterprise,APAC,2025-04-02,Active,1,0,0,0,0,0,0,0,0.0,0.0,0.0
ACC000165,Advertiser_165,SMB,North America,2025-05-18,Active,1,1,1,1,1,113211,5160,323,13071.74,4.56,6.26
ACC000451,Advertiser_451,SMB,North America,2026-01-15,Active,1,1,1,1,1,37807,1590,87,4630.32,4.21,5.47
ACC000643,Advertiser_643,Mid-Market,APAC,2026-02-07,Active,1,1,1,1,1,401281,12478,733,29755.04,3.11,5.87
ACC000676,Advertiser_676,SMB,EMEA,2025-08-31,Active,1,1,1,1,1,86439,1053,56,948.19,1.22,5.32
ACC000599,Advertiser_599,Mid-Market,North America,2026-01-26,Active,1,1,1,1,1,27164,336,14,279.01,1.24,4.17
ACC000299,Advertiser_299,SMB,North America,2025-05-31,Active,1,0,0,0,0,0,0,0,0.0,0.0,0.0
ACC000702,Advertiser_702,SMB,North America,2025-12-30,Active,1,1,1,1,1,75163,3559,218,10767.91,4.74,6.13
ACC000262,Advertiser_262,Enterprise,North America,2025-08-14,Active,1,1,1,1,1,14077333,410955,23315,885774.92,2.92,5.67
ACC000661,Advertiser_661,SMB,North America,2025-06-06,Active,1,1,1,1,1,145303,1846,70,1897.69,1.27,3.79
ACC000928,Advertiser_928,SMB,EMEA,2025-09-24,Active,1,0,0,0,0,0,0,0,0.0,0.0,0.0
ACC000592,Advertiser_592,Enterprise,North America,2025-09-25,Active,1,1,1,1,1,7089555,117921,6570,138744.9,1.66,5.57
ACC000282,Advertiser_282,Enterprise,North America,2025-04-08,Active,1,1,1,1,1,3943326,98967,5655,132326.04,2.51,5.71
ACC000708,Advertiser_708,SMB,North America,2025-05-11,Active,1,0,0,0,0,0,0,0,0.0,0.0,0.0
ACC000036,Advertiser_36,Mid-Market,APAC,2025-10-05,Active,1,0,0,0,0,0,0,0,0.0,0.0,0.0
ACC000663,Advertiser_663,SMB,North America,2025-08-06,Active,1,1,1,1,1,71437,1549,58,1969.86,2.17,3.74
ACC000611,Advertiser_611,Mid-Market,APAC,2025-05-11,Active,1,1,1,1,1,1810973,45814,2575,86819.35,2.53,5.62
ACC000477,Advertiser_477,SMB,North America,2025-10-10,Active,1,0,0,0,0,0,0,0,0.0,0.0,0.0
ACC000436,Advertiser_436,Mid-Market,North America,2025-04-18,Active,1,0,0,0,0,0,0,0,0.0,0.0,0.0
ACC000659,Advertiser_659,SMB,North America,2025-11-16,Active,1,1,1,1,1,45764,518,20,459.54,1.13,3.86
ACC000649,Advertiser_649,SMB,EMEA,2025-10-02,Active,1,0,0,0,0,0,0,0,0.0,0.0,0.0
ACC000341,Advertiser_341,SMB,North America,2025-03-14,Active,1,0,0,0,0,0,0,0,0.0,0.0,0.0
ACC000606,Advertiser_606,SMB,North America,2025-08-08,Active,1,1,1,1,1,158867,3974,196,5501.02,2.5,4.93
ACC000372,Advertiser_372,SMB,LATAM,2025-03-11,Active,1,0,0,0,0,0,0,0,0.0,0.0,0.0
ACC000079,Advertiser_79,SMB,North America,2026-03-10,Active,1,1,0,0,0,0,0,0,0.0,0.0,0.0
ACC000543,Advertiser_543,SMB,North America,2025-06-09,Active,1,0,0,0,0,0,0,0,0.0,0.0,0.0
ACC000113,Advertiser_113,SMB,APAC,2026-02-02,Active,1,1,1,1,1,5396,133,4,212.01,2.46,3.01
ACC000151,Advertiser_151,SMB,North America,2025-09-03,Active,1,0,0,0,0,0,0,0,0.0,0.0,0.0
ACC000008,Advertiser_8,SMB,North America,2025-09-16,Active,1,0,0,0,0,0,0,0,0.0,0.0,0.0
ACC000016,Advertiser_16,SMB,North America,2025-11-06,Active,1,1,1,1,1,140980,5424,302,13204.41,3.85,5.57
ACC000154,Advertiser_154,SMB,North America,2025-12-11,Active,1,1,1,1,1,106627,3879,207,8705.47,3.64,5.34
ACC000769,Advertiser_769,Enterprise,North America,2025-05-22,Active,1,1,1,1,1,6168973,140009,8022,265596.47,2.27,5.73
ACC000966,Advertiser_966,SMB,LATAM,2025-12-11,Active,1,1,1,1,1,125384,3272,172,7688.98,2.61,5.26
ACC000418,Advertiser_418,Enterprise,EMEA,2025-09-07,Active,1,1,1,1,1,9537146,324188,20716,705533.44,3.4,6.39
ACC000635,Advertiser_635,SMB,EMEA,2025-09-29,Active,1,0,0,0,0,0,0,0,0.0,0.0,0.0
ACC000353,Advertiser_353,SMB,North America,2025-11-22,Active,1,1,1,1,1,24316,576,18,823.47,2.37,3.13
ACC000850,Advertiser_850,Mid-Market,APAC,2025-03-26,Active,1,0,0,0,0,0,0,0,0.0,0.0,0.0
ACC000194,Advertiser_194,SMB,APAC,2025-09-27,Active,1,0,0,0,0,0,0,0,0.0,0.0,0.0
ACC000448,Advertiser_448,SMB,North America,2025-08-22,Active,1,1,1,1,1,89529,2638,160,3374.9,2.95,6.07
ACC000958,Advertiser_958,SMB,North America,2025-12-17,Active,1,1,1,1,1,73930,1822,88,2489.37,2.46,4.83
ACC000724,Advertiser_724,Mid-Market,North America,2026-01-06,Active,1,1,1,1,1,338056,15533,933,41559.92,4.59,6.01
ACC000763,Advertiser_763,SMB,APAC,2025-12-30,Active,1,0,0,0,0,0,0,0,0.0,0.0,0.0
ACC000290,Advertiser_290,SMB,North America,2025-11-15,Active,1,1,1,1,1,97408,4672,294,13463.13,4.8,6.29
ACC000895,Advertiser_895,SMB,North America,2025-11-24,Active,1,1,1,1,1,52040,1215,75,1584.53,2.33,6.17
ACC000994,Advertiser_994,SMB,North America,2025-10-27,Active,1,1,1,1,1,148227,2408,116,2878.05,1.62,4.82
ACC000684,Advertiser_684,Mid-Market,APAC,2026-02-16,Active,1,1,1,1,1,122392,2201,131,2657.84,1.8,5.95
ACC000101,Advertiser_101,SMB,EMEA,2025-04-02,Active,1,1,1,1,1,108289,2486,142,3406.19,2.3,5.71
ACC000328,Advertiser_328,SMB,North America,2025-05-07,Active,1,1,1,1,1,95187,1120,58,1089.61,1.18,5.18
ACC000112,Advertiser_112,Mid-Market,North America,2026-02-16,Active,1,1,1,1,1,144977,5824,394,14180.56,4.02,6.77
ACC000786,Advertiser_786,SMB,EMEA,2025-05-25,Active,1,1,1,1,1,28955,1386,66,3061.71,4.79,4.76
ACC000639,Advertiser_639,SMB,LATAM,2025-11-13,Active,1,1,1,1,1,90893,1160,52,1155.26,1.28,4.48
ACC000754,Advertiser_754,Enterprise,North America,2025-05-16,Active,1,1,1,1,1,8190306,199957,11581,343011.84,2.44,5.79
ACC000600,Advertiser_600,SMB,EMEA,2025-08-15,Active,1,0,0,0,0,0,0,0,0.0,0.0,0.0
ACC000023,Advertiser_23,Mid-Market,North America,2025-05-17,Active,1,0,0,0,0,0,0,0,0.0,0.0,0.0
ACC000475,Advertiser_475,SMB,North America,2025-03-28,Active,1,0,0,0,0,0,0,0,0.0,0.0,0.0
ACC000712,Advertiser_712,Mid-Market,North America,2026-02-05,Active,1,1,1,1,1,75261,968,46,948.98,1.29,4.75
ACC000455,Advertiser_455,SMB,LATAM,2025-03-28,Active,1,0,0,0,0,0,0,0,0.0,0.0,0.0
ACC000817,Advertiser_817,SMB,North America,2025-12-04,Active,1,0,0,0,0,0,0,0,0.0,0.0,0.0
ACC000193,Advertiser_193,Enterprise,EMEA,2025-07-02,Active,1,1,1,1,1,13808549,306911,19488,412259.52,2.22,6.35
ACC000401,Advertiser_401,SMB,EMEA,2025-09-13,Active,1,0,0,0,0,0,0,0,0.0,0.0,0.0
ACC000723,Advertiser_723,SMB,North America,2025-06-20,Active,1,0,0,0,0,0,0,0,0.0,0.0,0.0
ACC000618,Advertiser_618,SMB,APAC,2025-03-22,Active,1,0,0,0,0,0,0,0,0.0,0.0,0.0
ACC000646,Advertiser_646,SMB,EMEA,2025-05-03,Active,1,0,0,0,0,0,0,0,0.0,0.0,0.0
ACC000413,Advertiser_413,SMB,LATAM,2025-07-03,Active,1,0,0,0,0,0,0,0,0.0,0.0,0.0
ACC000185,Advertiser_185,SMB,North America,2025-07-24,Active,1,1,1,1,1,224565,8762,529,20992.95,3.9,6.04
ACC000921,Advertiser_921,SMB,EMEA,2026-01-14,Active,1,0,0,0,0,0,0,0,0.0,0.0,0.0
ACC000371,Advertiser_371,SMB,North America,2026-01-29,Active,1,1,1,1,1,23541,644,36,846.68,2.74,5.59
ACC000046,Advertiser_46,Mid-Market,North America,2025-11-10,Active,1,0,0,0,0,0,0,0,0.0,0.0,0.0
ACC000317,Advertiser_317,SMB,North America,2025-05-29,Active,1,1,1,1,1,125646,1658,85,1523.93,1.32,5.13
ACC000077,Advertiser_77,SMB,EMEA,2025-10-27,Active,1,0,0,0,0,0,0,0,0.0,0.0,0.0
ACC000004,Advertiser_4,SMB,EMEA,2025-04-13,Active,1,1,1,1,1,116982,3157,182,4496.12,2.7,5.76
ACC000942,Advertiser_942,SMB,EMEA,2025-04-17,Active,1,1,1,1,1,34286,418,9,398.2,1.22,2.15
ACC000513,Advertiser_513,SMB,North America,2025-03-16,Active,1,0,0,0,0,0,0,0,0.0,0.0,0.0
ACC000425,Advertiser_425,SMB,APAC,2025-06-02,Active,1,0,0,0,0,0,0,0,0.0,0.0,0.0
ACC000587,Advertiser_587,SMB,EMEA,2025-05-25,Active,1,0,0,0,0,0,0,0,0.0,0.0,0.0
ACC000256,Advertiser_256,Mid-Market,LATAM,2025-05-30,Active,1,1,1,1,1,870565,39720,2367,109699.24,4.56,5.96
ACC000965,Advertiser_965,SMB,LATAM,2025-05-16,Active,1,1,1,1,1,175395,3183,165,4054.95,1.81,5.18
ACC000472,Advertiser_472,Mid-Market,EMEA,2026-02-08,Active,1,1,1,1,1,100992,4534,221,13038.21,4.49,4.87
ACC000705,Advertiser_705,Mid-Market,APAC,2025-11-26,Active,1,1,1,1,1,589479,30200,1751,89483.17,5.12,5.8
ACC000689,Advertiser_689,SMB,North America,2025-04-13,Active,1,0,0,0,0,0,0,0,0.0,0.0,0.0
ACC000595,Advertiser_595,SMB,North America,2025-04-29,Active,1,0,0,0,0,0,0,0,0.0,0.0,0.0
ACC000361,Advertiser_361,Mid-Market,North America,2025-06-11,Active,1,1,1,1,1,271174,7107,400,10775.0,2.62,5.63
ACC000887,Advertiser_887,SMB,APAC,2025-09-23,Active,1,0,0,0,0,0,0,0,0.0,0.0,0.0
ACC000904,Advertiser_904,SMB,EMEA,2025-06-16,Active,1,0,0,0,0,0,0,0,0.0,0.0,0.0
ACC000115,Advertiser_115,SMB,North America,2025-03-24,Active,1,0,0,0,0,0,0,0,0.0,0.0,0.0
ACC000484,Advertiser_484,SMB,North America,2026-01-15,Active,1,0,0,0,0,0,0,0,0.0,0.0,0.0
ACC000273,Advertiser_273,SMB,LATAM,2025-05-26,Active,1,0,0,0,0,0,0,0,0.0,0.0,0.0
ACC000336,Advertiser_336,Enterprise,North America,2025-05-11,Active,1,1,1,1,1,12575100,303955,18738,632129.97,2.42,6.16
ACC000634,Advertiser_634,Mid-Market,EMEA,2025-09-14,Active,1,1,1,1,1,712383,16627,916,23410.2,2.33,5.51
ACC000329,Advertiser_329,Mid-Market,North America,2025-04-24,Active,1,1,1,1,1,862153,10822,648,11315.29,1.26,5.99
ACC000715,Advertiser_715,SMB,EMEA,2025-06-09,Active,1,1,1,1,1,119199,5923,363,15607.12,4.97,6.13
ACC000979,Advertiser_979,Mid-Market,North America,2025-08-07,Active,1,1,1,1,1,779056,19828,1256,26342.3,2.55,6.33
ACC000806,Advertiser_806,Mid-Market,North America,2025-10-27,Active,1,0,0,0,0,0,0,0,0.0,0.0,0.0
ACC000824,Advertiser_824,SMB,North America,2025-04-07,Active,1,0,0,0,0,0,0,0,0.0,0.0,0.0
ACC000829,Advertiser_829,Mid-Market,North America,2025-05-14,Active,1,1,1,1,1,672774,12853,711,16120.87,1.91,5.53
ACC000399,Advertiser_399,Mid-Market,EMEA,2025-09-28,Active,1,1,1,1,1,432119,23651,1344,64603.45,5.47,5.68
ACC000188,Advertiser_188,SMB,APAC,2025-05-14,Active,1,1,1,1,1,109245,5122,297,13614.24,4.69,5.8
ACC000320,Advertiser_320,SMB,EMEA,2025-08-10,Active,1,0,0,0,0,0,0,0,0.0,0.0,0.0
ACC000733,Advertiser_733,Enterprise,EMEA,2025-08-09,Active,1,1,1,1,1,5173666,234452,14239,679821.22,4.53,6.07
ACC000032,Advertiser_32,SMB,North America,2025-04-25,Active,1,0,0,0,0,0,0,0,0.0,0.0,0.0
ACC000844,Advertiser_844,Mid-Market,APAC,2025-10-27,Active,1,1,1,1,1,1604803,78461,4555,211493.84,4.89,5.81
ACC000439,Advertiser_439,SMB,EMEA,2025-12-21,Active,1,0,0,0,0,0,0,0,0.0,0.0,0.0
ACC000700,Advertiser_700,SMB,North America,2025-11-20,Active,1,0,0,0,0,0,0,0,0.0,0.0,0.0
ACC000538,Advertiser_538,Mid-Market,LATAM,2025-06-18,Active,1,1,1,1,1,505913,12661,722,18704.65,2.5,5.7
ACC000879,Advertiser_879,SMB,North America,2025-08-25,Active,1,1,1,1,1,99914,4419,223,10879.72,4.42,5.05
ACC000557,Advertiser_557,SMB,North America,2025-07-14,Active,1,0,0,0,0,0,0,0,0.0,0.0,0.0
ACC000277,Advertiser_277,SMB,APAC,2026-01-14,Active,1,0,0,0,0,0,0,0,0.0,0.0,0.0
ACC000987,Advertiser_987,SMB,LATAM,2025-08-25,Active,1,0,0,0,0,0,0,0,0.0,0.0,0.0
ACC000169,Advertiser_169,SMB,North America,2025-07-07,Active,1,0,0,0,0,0,0,0,0.0,0.0,0.0
ACC000744,Advertiser_744,SMB,North America,2025-09-21,Active,1,0,0,0,0,0,0,0,0.0,0.0,0.0
ACC000888,Advertiser_888,SMB,North America,2026-01-10,Active,1,0,0,0,0,0,0,0,0.0,0.0,0.0
ACC000714,Advertiser_714,SMB,EMEA,2025-08-11,Active,1,0,0,0,0,0,0,0,0.0,0.0,0.0
ACC000287,Advertiser_287,SMB,North America,2025-05-10,Active,1,1,1,1,1,178405,2108,88,2039.15,1.18,4.17
ACC000597,Advertiser_597,Mid-Market,EMEA,2025-08-24,Active,1,0,0,0,0,0,0,0,0.0,0.0,0.0
ACC000954,Advertiser_954,Mid-Market,APAC,2025-09-23,Active,1,0,0,0,0,0,0,0,0.0,0.0,0.0
ACC000125,Advertiser_125,SMB,North America,2025-06-08,Active,1,0,0,0,0,0,0,0,0.0,0.0,0.0
ACC000609,Advertiser_609,SMB,LATAM,2025-09-22,Active,1,1,1,1,1,212930,7411,409,17192.79,3.48,5.52
ACC000520,Advertiser_520,SMB,APAC,2025-11-20,Active,1,0,0,0,0,0,0,0,0.0,0.0,0.0
ACC000405,Advertiser_405,SMB,APAC,2025-03-29,Active,1,0,0,0,0,0,0,0,0.0,0.0,0.0
ACC000662,Advertiser_662,SMB,APAC,2026-02-18,Active,1,0,0,0,0,0,0,0,0.0,0.0,0.0
ACC000923,Advertiser_923,SMB,EMEA,2025-10-31,Active,1,0,0,0,0,0,0,0,0.0,0.0,0.0
ACC000199,Advertiser_199,SMB,APAC,2026-01-24,Active,1,0,0,0,0,0,0,0,0.0,0.0,0.0
ACC000499,Advertiser_499,SMB,EMEA,2026-03-04,Active,1,0,0,0,0,0,0,0,0.0,0.0,0.0
ACC000856,Advertiser_856,Mid-Market,EMEA,2025-05-24,Active,1,0,0,0,0,0,0,0,0.0,0.0,0.0
ACC000029,Advertiser_29,SMB,North America,2025-04-17,Active,1,0,0,0,0,0,0,0,0.0,0.0,0.0
ACC000953,Advertiser_953,SMB,LATAM,2025-09-06,Active,1,1,1,1,1,80778,1039,59,942.42,1.29,5.68
ACC000292,Advertiser_292,SMB,North America,2025-12-23,Active,1,0,0,0,0,0,0,0,0.0,0.0,0.0
ACC000218,Advertiser_218,SMB,EMEA,2025-06-06,Active,1,0,0,0,0,0,0,0,0.0,0.0,0.0
ACC000974,Advertiser_974,SMB,EMEA,2025-03-25,Active,1,0,0,0,0,0,0,0,0.0,0.0,0.0
ACC000836,Advertiser_836,Mid-Market,North America,2025-08-07,Active,1,1,1,1,1,621354,15732,1010,19870.67,2.53,6.42
ACC000442,Advertiser_442,SMB,North America,2025-05-28,Active,1,0,0,0,0,0,0,0,0.0,0.0,0.0
ACC000424,Advertiser_424,SMB,North America,2025-07-16,Active,1,0,0,0,0,0,0,0,0.0,0.0,0.0
ACC000833,Advertiser_833,Mid-Market,EMEA,2025-06-20,Active,1,1,1,1,1,449374,5420,309,5417.28,1.21,5.7
ACC000673,Advertiser_673,Enterprise,APAC,2026-01-06,Active,1,1,1,1,1,8897810,189193,11101,313898.39,2.13,5.87
ACC000998,Advertiser_998,Mid-Market,EMEA,2026-02-02,Active,1,0,0,0,0,0,0,0,0.0,0.0,0.0
ACC000066,Advertiser_66,SMB,EMEA,2025-05-26,Active,1,0,0,0,0,0,0,0,0.0,0.0,0.0
ACC000799,Advertiser_799,Mid-Market,North America,2025-12-11,Active,1,1,1,1,1,247354,3294,204,3214.39,1.33,6.19
ACC000489,Advertiser_489,Mid-Market,North America,2025-04-12,Active,1,1,1,1,1,334049,3936,218,4229.13,1.18,5.54
ACC000657,Advertiser_657,SMB,North America,2025-03-13,Active,1,1,1,1,1,163126,2005,92,1931.39,1.23,4.59
ACC000578,Advertiser_578,Mid-Market,APAC,2026-01-23,Active,1,0,0,0,0,0,0,0,0.0,0.0,0.0
ACC000340,Advertiser_340,Mid-Market,North America,2025-03-11,Active,1,1,1,1,1,2104482,33944,2028,40661.62,1.61,5.97
ACC000940,Advertiser_940,Enterprise,APAC,2025-06-19,Active,1,1,1,1,1,18444427,578070,35599,1186117.96,3.13,6.16
ACC000152,Advertiser_152,SMB,North America,2025-08-08,Active,1,0,0,0,0,0,0,0,0.0,0.0,0.0
ACC000294,Advertiser_294,SMB,EMEA,2026-01-04,Active,1,0,0,0,0,0,0,0,0.0,0.0,0.0
ACC000483,Advertiser_483,Mid-Market,North America,2025-06-09,Active,1,0,0,0,0,0,0,0,0.0,0.0,0.0
ACC000977,Advertiser_977,SMB,North America,2025-07-09,Active,1,0,0,0,0,0,0,0,0.0,0.0,0.0
ACC000261,Advertiser_261,SMB,EMEA,2025-04-20,Active,1,0,0,0,0,0,0,0,0.0,0.0,0.0
ACC000647,Advertiser_647,SMB,North America,2025-07-20,Active,1,0,0,0,0,0,0,0,0.0,0.0,0.0
ACC000732,Advertiser_732,SMB,North America,2026-02-21,Active,1,1,1,1,1,12517,366,24,497.35,2.92,6.56
ACC000312,Advertiser_312,SMB,North America,2025-03-29,Active,1,0,0,0,0,0,0,0,0.0,0.0,0.0
ACC000791,Advertiser_791,Enterprise,APAC,2025-09-27,Active,1,1,1,1,1,8039894,302361,17720,745614.93,3.76,5.86
ACC000964,Advertiser_964,SMB,LATAM,2026-03-09,Active,1,1,0,0,0,0,0,0,0.0,0.0,0.0
ACC000286,Advertiser_286,SMB,North America,2025-04-26,Active,1,1,1,1,1,238581,9471,524,21544.34,3.97,5.53
ACC000532,Advertiser_532,SMB,EMEA,2026-03-03,Active,1,0,0,0,0,0,0,0,0.0,0.0,0.0
ACC000352,Advertiser_352,SMB,EMEA,2025-06-24,Active,1,0,0,0,0,0,0,0,0.0,0.0,0.0
ACC000172,Advertiser_172,SMB,EMEA,2026-01-06,Active,1,1,1,1,1,39686,1014,49,1364.99,2.56,4.83
ACC000482,Advertiser_482,Enterprise,North America,2025-07-28,Active,1,1,1,1,1,8545676,225152,13259,362200.51,2.63,5.89
ACC000179,Advertiser_179,SMB,North America,2025-05-30,Active,1,1,1,1,1,169147,5912,308,14604.87,3.5,5.21
ACC000761,Advertiser_761,SMB,APAC,2025-12-12,Active,1,1,1,1,1,72251,3555,222,9727.28,4.92,6.24
ACC000828,Advertiser_828,Mid-Market,EMEA,2026-01-27,Active,1,1,1,1,1,216495,2573,127,2764.3,1.19,4.94
ACC000360,Advertiser_360,Mid-Market,LATAM,2025-05-03,Active,1,1,1,1,1,1017962,45753,2715,127375.31,4.49,5.93
ACC000990,Advertiser_990,Enterprise,EMEA,2025-04-14,Active,1,1,1,1,1,11337557,241861,14875,322508.36,2.13,6.15
ACC000175,Advertiser_175,SMB,North America,2025-07-29,Active,1,1,1,1,1,32770,1672,95,4560.34,5.1,5.68
ACC000271,Advertiser_271,SMB,APAC,2025-07-22,Active,1,0,0,0,0,0,0,0,0.0,0.0,0.0
ACC000846,Advertiser_846,SMB,EMEA,2025-03-28,Active,1,1,1,1,1,61848,2993,145,7888.92,4.84,4.84
ACC000686,Advertiser_686,SMB,North America,2025-08-04,Active,1,0,0,0,0,0,0,0,0.0,0.0,0.0
ACC000411,Advertiser_411,SMB,North America,2025-05-28,Active,1,1,1,1,1,74965,1571,88,2153.38,2.1,5.6
ACC000521,Advertiser_521,SMB,North America,2026-02-07,Active,1,0,0,0,0,0,0,0,0.0,0.0,0.0
ACC000872,Advertiser_872,Enterprise,LATAM,2025-09-01,Active,1,1,1,1,1,7765713,106451,6394,109128.63,1.37,6.01
ACC000757,Advertiser_757,SMB,APAC,2026-01-24,Active,1,1,1,1,1,12071,275,10,386.74,2.28,3.64
ACC000851,Advertiser_851,Mid-Market,North America,2025-07-28,Active,1,1,1,1,1,2177777,85069,5170,208730.44,3.91,6.08
ACC000935,Advertiser_935,SMB,North America,2025-09-09,Active,1,0,0,0,0,0,0,0,0.0,0.0,0.0
ACC000044,Advertiser_44,SMB,North America,2025-11-19,Active,1,0,0,0,0,0,0,0,0.0,0.0,0.0
ACC000432,Advertiser_432,SMB,LATAM,2025-12-23,Active,1,0,0,0,0,0,0,0,0.0,0.0,0.0
ACC000969,Advertiser_969,SMB,EMEA,2025-03-22,Active,1,1,1,1,1,122903,2714,140,3882.58,2.21,5.16
ACC000057,Advertiser_57,SMB,APAC,2026-02-09,Active,1,0,0,0,0,0,0,0,0.0,0.0,0.0
ACC000068,Advertiser_68,SMB,EMEA,2025-10-09,Active,1,1,1,1,1,79668,3452,151,8030.49,4.33,4.37
ACC000868,Advertiser_868,SMB,EMEA,2025-10-06,Active,1,0,0,0,0,0,0,0,0.0,0.0,0.0
ACC000797,Advertiser_797,SMB,APAC,2025-05-01,Active,1,0,0,0,0,0,0,0,0.0,0.0,0.0
ACC000236,Advertiser_236,Mid-Market,EMEA,2025-11-08,Active,1,1,1,1,1,236692,12264,729,33546.06,5.18,5.94
ACC000747,Advertiser_747,Enterprise,North America,2025-10-19,Active,1,1,1,1,1,7589797,381575,22698,1042068.86,5.03,5.95
ACC000614,Advertiser_614,SMB,North America,2025-05-21,Active,1,0,0,0,0,0,0,0,0.0,0.0,0.0
ACC000443,Advertiser_443,SMB,North America,2025-07-24,Active,1,1,1,1,1,168212,5485,339,11488.89,3.26,6.18
ACC000912,Advertiser_912,SMB,EMEA,2025-08-10,Active,1,1,1,1,1,172251,4258,200,5875.81,2.47,4.7
ACC000588,Advertiser_588,SMB,APAC,2025-09-23,Active,1,0,0,0,0,0,0,0,0.0,0.0,0.0
ACC000189,Advertiser_189,Enterprise,North America,2025-06-06,Active,1,1,1,1,1,22418846,617536,35635,1305258.39,2.75,5.77
ACC000285,Advertiser_285,Enterprise,North America,2026-01-29,Active,1,1,1,1,1,4814393,102345,6668,140471.92,2.13,6.52
ACC000348,Advertiser_348,SMB,EMEA,2025-04-06,Active,1,0,0,0,0,0,0,0,0.0,0.0,0.0
ACC000102,Advertiser_102,SMB,LATAM,2025-09-23,Active,1,1,1,1,1,145450,5340,244,11904.33,3.67,4.57
ACC000535,Advertiser_535,SMB,North America,2026-02-11,Active,1,0,0,0,0,0,0,0,0.0,0.0,0.0
ACC000575,Advertiser_575,SMB,North America,2025-08-20,Active,1,0,0,0,0,0,0,0,0.0,0.0,0.0
ACC000466,Advertiser_466,SMB,LATAM,2025-05-19,Active,1,1,1,1,1,140179,3927,240,5255.23,2.8,6.11
ACC000170,Advertiser_170,SMB,APAC,2025-05-10,Active,1,1,1,1,1,87981,2941,140,7582.16,3.34,4.76
ACC000049,Advertiser_49,SMB,North America,2025-08-07,Active,1,0,0,0,0,0,0,0,0.0,0.0,0.0
ACC000488,Advertiser_488,SMB,LATAM,2025-08-15,Active,1,0,0,0,0,0,0,0,0.0,0.0,0.0
